<?xml version="1.0" encoding="UTF-8" standalone="yes"?>
<template encoding-version="1.3">
    <description>compressao de arquivos</description>
    <groupId>55a2d962-017b-1000-4f70-141c3a7dff76</groupId>
    <name>Carga - Treina04</name>
    <snippet>
        <connections>
            <id>0682247c-4f95-3991-0000-000000000000</id>
            <parentGroupId>50438849-cc79-3253-0000-000000000000</parentGroupId>
            <backPressureDataSizeThreshold>1 GB</backPressureDataSizeThreshold>
            <backPressureObjectThreshold>10000</backPressureObjectThreshold>
            <bends>
                <x>0.0</x>
                <y>382.5599994294892</y>
            </bends>
            <destination>
                <groupId>50438849-cc79-3253-0000-000000000000</groupId>
                <id>d5f903cf-9cb6-30b8-0000-000000000000</id>
                <type>PROCESSOR</type>
            </destination>
            <flowFileExpiration>0 sec</flowFileExpiration>
            <labelIndex>0</labelIndex>
            <loadBalanceCompression>DO_NOT_COMPRESS</loadBalanceCompression>
            <loadBalancePartitionAttribute></loadBalancePartitionAttribute>
            <loadBalanceStatus>LOAD_BALANCE_NOT_CONFIGURED</loadBalanceStatus>
            <loadBalanceStrategy>DO_NOT_LOAD_BALANCE</loadBalanceStrategy>
            <name></name>
            <selectedRelationships>merged</selectedRelationships>
            <source>
                <groupId>50438849-cc79-3253-0000-000000000000</groupId>
                <id>1403553e-3d39-34a5-0000-000000000000</id>
                <type>PROCESSOR</type>
            </source>
            <zIndex>0</zIndex>
        </connections>
        <connections>
            <id>48ae8260-c378-3307-0000-000000000000</id>
            <parentGroupId>50438849-cc79-3253-0000-000000000000</parentGroupId>
            <backPressureDataSizeThreshold>1 GB</backPressureDataSizeThreshold>
            <backPressureObjectThreshold>10000</backPressureObjectThreshold>
            <bends>
                <x>1224.0</x>
                <y>214.5599994294892</y>
            </bends>
            <destination>
                <groupId>50438849-cc79-3253-0000-000000000000</groupId>
                <id>68b961c1-9269-3e48-0000-000000000000</id>
                <type>PROCESSOR</type>
            </destination>
            <flowFileExpiration>0 sec</flowFileExpiration>
            <labelIndex>0</labelIndex>
            <loadBalanceCompression>DO_NOT_COMPRESS</loadBalanceCompression>
            <loadBalancePartitionAttribute></loadBalancePartitionAttribute>
            <loadBalanceStatus>LOAD_BALANCE_NOT_CONFIGURED</loadBalanceStatus>
            <loadBalanceStrategy>DO_NOT_LOAD_BALANCE</loadBalanceStrategy>
            <name></name>
            <selectedRelationships>success</selectedRelationships>
            <source>
                <groupId>50438849-cc79-3253-0000-000000000000</groupId>
                <id>63da32b3-53d3-3831-0000-000000000000</id>
                <type>PROCESSOR</type>
            </source>
            <zIndex>0</zIndex>
        </connections>
        <connections>
            <id>92b45203-bbab-3628-0000-000000000000</id>
            <parentGroupId>50438849-cc79-3253-0000-000000000000</parentGroupId>
            <backPressureDataSizeThreshold>1 GB</backPressureDataSizeThreshold>
            <backPressureObjectThreshold>10000</backPressureObjectThreshold>
            <destination>
                <groupId>50438849-cc79-3253-0000-000000000000</groupId>
                <id>63da32b3-53d3-3831-0000-000000000000</id>
                <type>PROCESSOR</type>
            </destination>
            <flowFileExpiration>0 sec</flowFileExpiration>
            <labelIndex>1</labelIndex>
            <loadBalanceCompression>DO_NOT_COMPRESS</loadBalanceCompression>
            <loadBalancePartitionAttribute></loadBalancePartitionAttribute>
            <loadBalanceStatus>LOAD_BALANCE_NOT_CONFIGURED</loadBalanceStatus>
            <loadBalanceStrategy>DO_NOT_LOAD_BALANCE</loadBalanceStrategy>
            <name></name>
            <selectedRelationships>failure</selectedRelationships>
            <selectedRelationships>success</selectedRelationships>
            <source>
                <groupId>50438849-cc79-3253-0000-000000000000</groupId>
                <id>d5f903cf-9cb6-30b8-0000-000000000000</id>
                <type>PROCESSOR</type>
            </source>
            <zIndex>0</zIndex>
        </connections>
        <connections>
            <id>d456d460-fc67-39fd-0000-000000000000</id>
            <parentGroupId>50438849-cc79-3253-0000-000000000000</parentGroupId>
            <backPressureDataSizeThreshold>1 GB</backPressureDataSizeThreshold>
            <backPressureObjectThreshold>10000</backPressureObjectThreshold>
            <bends>
                <x>24.0</x>
                <y>182.5599994294892</y>
            </bends>
            <destination>
                <groupId>50438849-cc79-3253-0000-000000000000</groupId>
                <id>1403553e-3d39-34a5-0000-000000000000</id>
                <type>PROCESSOR</type>
            </destination>
            <flowFileExpiration>0 sec</flowFileExpiration>
            <labelIndex>0</labelIndex>
            <loadBalanceCompression>DO_NOT_COMPRESS</loadBalanceCompression>
            <loadBalancePartitionAttribute></loadBalancePartitionAttribute>
            <loadBalanceStatus>LOAD_BALANCE_NOT_CONFIGURED</loadBalanceStatus>
            <loadBalanceStrategy>DO_NOT_LOAD_BALANCE</loadBalanceStrategy>
            <name></name>
            <selectedRelationships>success</selectedRelationships>
            <source>
                <groupId>50438849-cc79-3253-0000-000000000000</groupId>
                <id>b29f8fc0-8e4c-3afb-0000-000000000000</id>
                <type>PROCESSOR</type>
            </source>
            <zIndex>0</zIndex>
        </connections>
        <processors>
            <id>1403553e-3d39-34a5-0000-000000000000</id>
            <parentGroupId>50438849-cc79-3253-0000-000000000000</parentGroupId>
            <position>
                <x>48.0</x>
                <y>222.5599994294892</y>
            </position>
            <bundle>
                <artifact>nifi-standard-nar</artifact>
                <group>org.apache.nifi</group>
                <version>1.13.2</version>
            </bundle>
            <config>
                <bulletinLevel>WARN</bulletinLevel>
                <comments></comments>
                <concurrentlySchedulableTaskCount>1</concurrentlySchedulableTaskCount>
                <descriptors>
                    <entry>
                        <key>Merge Strategy</key>
                        <value>
                            <name>Merge Strategy</name>
                        </value>
                    </entry>
                    <entry>
                        <key>Merge Format</key>
                        <value>
                            <name>Merge Format</name>
                        </value>
                    </entry>
                    <entry>
                        <key>Attribute Strategy</key>
                        <value>
                            <name>Attribute Strategy</name>
                        </value>
                    </entry>
                    <entry>
                        <key>Correlation Attribute Name</key>
                        <value>
                            <dependencies>
<dependentValues>Bin-Packing Algorithm</dependentValues>
<propertyName>Merge Strategy</propertyName>
                            </dependencies>
                            <name>Correlation Attribute Name</name>
                        </value>
                    </entry>
                    <entry>
                        <key>mergecontent-metadata-strategy</key>
                        <value>
                            <dependencies>
<dependentValues>Avro</dependentValues>
<propertyName>Merge Format</propertyName>
                            </dependencies>
                            <name>mergecontent-metadata-strategy</name>
                        </value>
                    </entry>
                    <entry>
                        <key>Minimum Number of Entries</key>
                        <value>
                            <dependencies>
<dependentValues>Bin-Packing Algorithm</dependentValues>
<propertyName>Merge Strategy</propertyName>
                            </dependencies>
                            <name>Minimum Number of Entries</name>
                        </value>
                    </entry>
                    <entry>
                        <key>Maximum Number of Entries</key>
                        <value>
                            <dependencies>
<dependentValues>Bin-Packing Algorithm</dependentValues>
<propertyName>Merge Strategy</propertyName>
                            </dependencies>
                            <name>Maximum Number of Entries</name>
                        </value>
                    </entry>
                    <entry>
                        <key>Minimum Group Size</key>
                        <value>
                            <dependencies>
<dependentValues>Bin-Packing Algorithm</dependentValues>
<propertyName>Merge Strategy</propertyName>
                            </dependencies>
                            <name>Minimum Group Size</name>
                        </value>
                    </entry>
                    <entry>
                        <key>Maximum Group Size</key>
                        <value>
                            <dependencies>
<dependentValues>Bin-Packing Algorithm</dependentValues>
<propertyName>Merge Strategy</propertyName>
                            </dependencies>
                            <name>Maximum Group Size</name>
                        </value>
                    </entry>
                    <entry>
                        <key>Max Bin Age</key>
                        <value>
                            <name>Max Bin Age</name>
                        </value>
                    </entry>
                    <entry>
                        <key>Maximum number of Bins</key>
                        <value>
                            <name>Maximum number of Bins</name>
                        </value>
                    </entry>
                    <entry>
                        <key>Delimiter Strategy</key>
                        <value>
                            <dependencies>
<dependentValues>Binary Concatenation</dependentValues>
<propertyName>Merge Format</propertyName>
                            </dependencies>
                            <name>Delimiter Strategy</name>
                        </value>
                    </entry>
                    <entry>
                        <key>Header File</key>
                        <value>
                            <dependencies>
<dependentValues>Filename</dependentValues>
<dependentValues>Text</dependentValues>
<propertyName>Delimiter Strategy</propertyName>
                            </dependencies>
                            <name>Header File</name>
                        </value>
                    </entry>
                    <entry>
                        <key>Footer File</key>
                        <value>
                            <dependencies>
<dependentValues>Filename</dependentValues>
<dependentValues>Text</dependentValues>
<propertyName>Delimiter Strategy</propertyName>
                            </dependencies>
                            <name>Footer File</name>
                        </value>
                    </entry>
                    <entry>
                        <key>Demarcator File</key>
                        <value>
                            <dependencies>
<dependentValues>Filename</dependentValues>
<dependentValues>Text</dependentValues>
<propertyName>Delimiter Strategy</propertyName>
                            </dependencies>
                            <name>Demarcator File</name>
                        </value>
                    </entry>
                    <entry>
                        <key>Compression Level</key>
                        <value>
                            <dependencies>
<dependentValues>ZIP</dependentValues>
<propertyName>Merge Format</propertyName>
                            </dependencies>
                            <name>Compression Level</name>
                        </value>
                    </entry>
                    <entry>
                        <key>Keep Path</key>
                        <value>
                            <dependencies>
<dependentValues>ZIP</dependentValues>
<dependentValues>TAR</dependentValues>
<propertyName>Merge Format</propertyName>
                            </dependencies>
                            <name>Keep Path</name>
                        </value>
                    </entry>
                    <entry>
                        <key>Tar Modified Time</key>
                        <value>
                            <dependencies>
<dependentValues>TAR</dependentValues>
<propertyName>Merge Format</propertyName>
                            </dependencies>
                            <name>Tar Modified Time</name>
                        </value>
                    </entry>
                </descriptors>
                <executionNode>ALL</executionNode>
                <lossTolerant>false</lossTolerant>
                <penaltyDuration>30 sec</penaltyDuration>
                <properties>
                    <entry>
                        <key>Merge Strategy</key>
                        <value>Bin-Packing Algorithm</value>
                    </entry>
                    <entry>
                        <key>Merge Format</key>
                        <value>ZIP</value>
                    </entry>
                    <entry>
                        <key>Attribute Strategy</key>
                        <value>Keep Only Common Attributes</value>
                    </entry>
                    <entry>
                        <key>Correlation Attribute Name</key>
                    </entry>
                    <entry>
                        <key>mergecontent-metadata-strategy</key>
                        <value>Do Not Merge Uncommon Metadata</value>
                    </entry>
                    <entry>
                        <key>Minimum Number of Entries</key>
                        <value>1</value>
                    </entry>
                    <entry>
                        <key>Maximum Number of Entries</key>
                        <value>1000</value>
                    </entry>
                    <entry>
                        <key>Minimum Group Size</key>
                        <value>0 B</value>
                    </entry>
                    <entry>
                        <key>Maximum Group Size</key>
                    </entry>
                    <entry>
                        <key>Max Bin Age</key>
                    </entry>
                    <entry>
                        <key>Maximum number of Bins</key>
                        <value>5</value>
                    </entry>
                    <entry>
                        <key>Delimiter Strategy</key>
                        <value>Do Not Use Delimiters</value>
                    </entry>
                    <entry>
                        <key>Header File</key>
                    </entry>
                    <entry>
                        <key>Footer File</key>
                    </entry>
                    <entry>
                        <key>Demarcator File</key>
                    </entry>
                    <entry>
                        <key>Compression Level</key>
                        <value>1</value>
                    </entry>
                    <entry>
                        <key>Keep Path</key>
                        <value>false</value>
                    </entry>
                    <entry>
                        <key>Tar Modified Time</key>
                        <value>${file.lastModifiedTime}</value>
                    </entry>
                </properties>
                <runDurationMillis>0</runDurationMillis>
                <schedulingPeriod>0 sec</schedulingPeriod>
                <schedulingStrategy>TIMER_DRIVEN</schedulingStrategy>
                <yieldDuration>1 sec</yieldDuration>
            </config>
            <executionNodeRestricted>false</executionNodeRestricted>
            <name>MergeContent</name>
            <relationships>
                <autoTerminate>true</autoTerminate>
                <name>failure</name>
            </relationships>
            <relationships>
                <autoTerminate>false</autoTerminate>
                <name>merged</name>
            </relationships>
            <relationships>
                <autoTerminate>true</autoTerminate>
                <name>original</name>
            </relationships>
            <state>RUNNING</state>
            <style/>
            <type>org.apache.nifi.processors.standard.MergeContent</type>
        </processors>
        <processors>
            <id>63da32b3-53d3-3831-0000-000000000000</id>
            <parentGroupId>50438849-cc79-3253-0000-000000000000</parentGroupId>
            <position>
                <x>736.0</x>
                <y>398.5599994294892</y>
            </position>
            <bundle>
                <artifact>nifi-update-attribute-nar</artifact>
                <group>org.apache.nifi</group>
                <version>1.13.2</version>
            </bundle>
            <config>
                <bulletinLevel>WARN</bulletinLevel>
                <comments></comments>
                <concurrentlySchedulableTaskCount>1</concurrentlySchedulableTaskCount>
                <descriptors>
                    <entry>
                        <key>Delete Attributes Expression</key>
                        <value>
                            <name>Delete Attributes Expression</name>
                        </value>
                    </entry>
                    <entry>
                        <key>Store State</key>
                        <value>
                            <name>Store State</name>
                        </value>
                    </entry>
                    <entry>
                        <key>Stateful Variables Initial Value</key>
                        <value>
                            <name>Stateful Variables Initial Value</name>
                        </value>
                    </entry>
                    <entry>
                        <key>canonical-value-lookup-cache-size</key>
                        <value>
                            <name>canonical-value-lookup-cache-size</name>
                        </value>
                    </entry>
                    <entry>
                        <key>filename</key>
                        <value>
                            <name>filename</name>
                        </value>
                    </entry>
                </descriptors>
                <executionNode>ALL</executionNode>
                <lossTolerant>false</lossTolerant>
                <penaltyDuration>30 sec</penaltyDuration>
                <properties>
                    <entry>
                        <key>Delete Attributes Expression</key>
                    </entry>
                    <entry>
                        <key>Store State</key>
                        <value>Do not store state</value>
                    </entry>
                    <entry>
                        <key>Stateful Variables Initial Value</key>
                    </entry>
                    <entry>
                        <key>canonical-value-lookup-cache-size</key>
                        <value>100</value>
                    </entry>
                    <entry>
                        <key>filename</key>
                        <value>dados.zip</value>
                    </entry>
                </properties>
                <runDurationMillis>0</runDurationMillis>
                <schedulingPeriod>0 sec</schedulingPeriod>
                <schedulingStrategy>TIMER_DRIVEN</schedulingStrategy>
                <yieldDuration>1 sec</yieldDuration>
            </config>
            <executionNodeRestricted>false</executionNodeRestricted>
            <name>UpdateAttribute</name>
            <relationships>
                <autoTerminate>false</autoTerminate>
                <name>success</name>
            </relationships>
            <state>RUNNING</state>
            <style/>
            <type>org.apache.nifi.processors.attributes.UpdateAttribute</type>
        </processors>
        <processors>
            <id>68b961c1-9269-3e48-0000-000000000000</id>
            <parentGroupId>50438849-cc79-3253-0000-000000000000</parentGroupId>
            <position>
                <x>712.0</x>
                <y>14.55999942948921</y>
            </position>
            <bundle>
                <artifact>nifi-standard-nar</artifact>
                <group>org.apache.nifi</group>
                <version>1.13.2</version>
            </bundle>
            <config>
                <bulletinLevel>WARN</bulletinLevel>
                <comments></comments>
                <concurrentlySchedulableTaskCount>1</concurrentlySchedulableTaskCount>
                <descriptors>
                    <entry>
                        <key>Directory</key>
                        <value>
                            <name>Directory</name>
                        </value>
                    </entry>
                    <entry>
                        <key>Conflict Resolution Strategy</key>
                        <value>
                            <name>Conflict Resolution Strategy</name>
                        </value>
                    </entry>
                    <entry>
                        <key>Create Missing Directories</key>
                        <value>
                            <name>Create Missing Directories</name>
                        </value>
                    </entry>
                    <entry>
                        <key>Maximum File Count</key>
                        <value>
                            <name>Maximum File Count</name>
                        </value>
                    </entry>
                    <entry>
                        <key>Last Modified Time</key>
                        <value>
                            <name>Last Modified Time</name>
                        </value>
                    </entry>
                    <entry>
                        <key>Permissions</key>
                        <value>
                            <name>Permissions</name>
                        </value>
                    </entry>
                    <entry>
                        <key>Owner</key>
                        <value>
                            <name>Owner</name>
                        </value>
                    </entry>
                    <entry>
                        <key>Group</key>
                        <value>
                            <name>Group</name>
                        </value>
                    </entry>
                </descriptors>
                <executionNode>ALL</executionNode>
                <lossTolerant>false</lossTolerant>
                <penaltyDuration>30 sec</penaltyDuration>
                <properties>
                    <entry>
                        <key>Directory</key>
                        <value>C:\NiFi\Compress</value>
                    </entry>
                    <entry>
                        <key>Conflict Resolution Strategy</key>
                        <value>fail</value>
                    </entry>
                    <entry>
                        <key>Create Missing Directories</key>
                        <value>true</value>
                    </entry>
                    <entry>
                        <key>Maximum File Count</key>
                    </entry>
                    <entry>
                        <key>Last Modified Time</key>
                    </entry>
                    <entry>
                        <key>Permissions</key>
                    </entry>
                    <entry>
                        <key>Owner</key>
                    </entry>
                    <entry>
                        <key>Group</key>
                    </entry>
                </properties>
                <runDurationMillis>0</runDurationMillis>
                <schedulingPeriod>0 sec</schedulingPeriod>
                <schedulingStrategy>TIMER_DRIVEN</schedulingStrategy>
                <yieldDuration>1 sec</yieldDuration>
            </config>
            <executionNodeRestricted>false</executionNodeRestricted>
            <name>PutFile</name>
            <relationships>
                <autoTerminate>true</autoTerminate>
                <name>failure</name>
            </relationships>
            <relationships>
                <autoTerminate>true</autoTerminate>
                <name>success</name>
            </relationships>
            <state>RUNNING</state>
            <style/>
            <type>org.apache.nifi.processors.standard.PutFile</type>
        </processors>
        <processors>
            <id>b29f8fc0-8e4c-3afb-0000-000000000000</id>
            <parentGroupId>50438849-cc79-3253-0000-000000000000</parentGroupId>
            <position>
                <x>70.71998496052879</x>
                <y>0.0</y>
            </position>
            <bundle>
                <artifact>nifi-standard-nar</artifact>
                <group>org.apache.nifi</group>
                <version>1.13.2</version>
            </bundle>
            <config>
                <bulletinLevel>WARN</bulletinLevel>
                <comments></comments>
                <concurrentlySchedulableTaskCount>1</concurrentlySchedulableTaskCount>
                <descriptors>
                    <entry>
                        <key>Input Directory</key>
                        <value>
                            <name>Input Directory</name>
                        </value>
                    </entry>
                    <entry>
                        <key>File Filter</key>
                        <value>
                            <name>File Filter</name>
                        </value>
                    </entry>
                    <entry>
                        <key>Path Filter</key>
                        <value>
                            <name>Path Filter</name>
                        </value>
                    </entry>
                    <entry>
                        <key>Batch Size</key>
                        <value>
                            <name>Batch Size</name>
                        </value>
                    </entry>
                    <entry>
                        <key>Keep Source File</key>
                        <value>
                            <name>Keep Source File</name>
                        </value>
                    </entry>
                    <entry>
                        <key>Recurse Subdirectories</key>
                        <value>
                            <name>Recurse Subdirectories</name>
                        </value>
                    </entry>
                    <entry>
                        <key>Polling Interval</key>
                        <value>
                            <name>Polling Interval</name>
                        </value>
                    </entry>
                    <entry>
                        <key>Ignore Hidden Files</key>
                        <value>
                            <name>Ignore Hidden Files</name>
                        </value>
                    </entry>
                    <entry>
                        <key>Minimum File Age</key>
                        <value>
                            <name>Minimum File Age</name>
                        </value>
                    </entry>
                    <entry>
                        <key>Maximum File Age</key>
                        <value>
                            <name>Maximum File Age</name>
                        </value>
                    </entry>
                    <entry>
                        <key>Minimum File Size</key>
                        <value>
                            <name>Minimum File Size</name>
                        </value>
                    </entry>
                    <entry>
                        <key>Maximum File Size</key>
                        <value>
                            <name>Maximum File Size</name>
                        </value>
                    </entry>
                </descriptors>
                <executionNode>ALL</executionNode>
                <lossTolerant>false</lossTolerant>
                <penaltyDuration>30 sec</penaltyDuration>
                <properties>
                    <entry>
                        <key>Input Directory</key>
                        <value>C:\NiFi\Saida</value>
                    </entry>
                    <entry>
                        <key>File Filter</key>
                        <value>[^\.].*</value>
                    </entry>
                    <entry>
                        <key>Path Filter</key>
                    </entry>
                    <entry>
                        <key>Batch Size</key>
                        <value>10</value>
                    </entry>
                    <entry>
                        <key>Keep Source File</key>
                        <value>false</value>
                    </entry>
                    <entry>
                        <key>Recurse Subdirectories</key>
                        <value>true</value>
                    </entry>
                    <entry>
                        <key>Polling Interval</key>
                        <value>0 sec</value>
                    </entry>
                    <entry>
                        <key>Ignore Hidden Files</key>
                        <value>true</value>
                    </entry>
                    <entry>
                        <key>Minimum File Age</key>
                        <value>0 sec</value>
                    </entry>
                    <entry>
                        <key>Maximum File Age</key>
                    </entry>
                    <entry>
                        <key>Minimum File Size</key>
                        <value>0 B</value>
                    </entry>
                    <entry>
                        <key>Maximum File Size</key>
                    </entry>
                </properties>
                <runDurationMillis>0</runDurationMillis>
                <schedulingPeriod>0 sec</schedulingPeriod>
                <schedulingStrategy>TIMER_DRIVEN</schedulingStrategy>
                <yieldDuration>1 sec</yieldDuration>
            </config>
            <executionNodeRestricted>false</executionNodeRestricted>
            <name>GetFile</name>
            <relationships>
                <autoTerminate>false</autoTerminate>
                <name>success</name>
            </relationships>
            <state>RUNNING</state>
            <style/>
            <type>org.apache.nifi.processors.standard.GetFile</type>
        </processors>
        <processors>
            <id>d5f903cf-9cb6-30b8-0000-000000000000</id>
            <parentGroupId>50438849-cc79-3253-0000-000000000000</parentGroupId>
            <position>
                <x>48.0</x>
                <y>422.5599994294892</y>
            </position>
            <bundle>
                <artifact>nifi-standard-nar</artifact>
                <group>org.apache.nifi</group>
                <version>1.13.2</version>
            </bundle>
            <config>
                <bulletinLevel>WARN</bulletinLevel>
                <comments></comments>
                <concurrentlySchedulableTaskCount>1</concurrentlySchedulableTaskCount>
                <descriptors>
                    <entry>
                        <key>Mode</key>
                        <value>
                            <name>Mode</name>
                        </value>
                    </entry>
                    <entry>
                        <key>Compression Format</key>
                        <value>
                            <name>Compression Format</name>
                        </value>
                    </entry>
                    <entry>
                        <key>Compression Level</key>
                        <value>
                            <dependencies>
<dependentValues>use mime.type attribute</dependentValues>
<dependentValues>deflate</dependentValues>
<dependentValues>gzip</dependentValues>
<dependentValues>xz-lzma2</dependentValues>
<propertyName>Compression Format</propertyName>
                            </dependencies>
                            <dependencies>
<dependentValues>compress</dependentValues>
<propertyName>Mode</propertyName>
                            </dependencies>
                            <name>Compression Level</name>
                        </value>
                    </entry>
                    <entry>
                        <key>Update Filename</key>
                        <value>
                            <name>Update Filename</name>
                        </value>
                    </entry>
                </descriptors>
                <executionNode>ALL</executionNode>
                <lossTolerant>false</lossTolerant>
                <penaltyDuration>30 sec</penaltyDuration>
                <properties>
                    <entry>
                        <key>Mode</key>
                        <value>compress</value>
                    </entry>
                    <entry>
                        <key>Compression Format</key>
                        <value>use mime.type attribute</value>
                    </entry>
                    <entry>
                        <key>Compression Level</key>
                        <value>1</value>
                    </entry>
                    <entry>
                        <key>Update Filename</key>
                        <value>false</value>
                    </entry>
                </properties>
                <runDurationMillis>0</runDurationMillis>
                <schedulingPeriod>0 sec</schedulingPeriod>
                <schedulingStrategy>TIMER_DRIVEN</schedulingStrategy>
                <yieldDuration>1 sec</yieldDuration>
            </config>
            <executionNodeRestricted>false</executionNodeRestricted>
            <name>CompressContent</name>
            <relationships>
                <autoTerminate>false</autoTerminate>
                <name>failure</name>
            </relationships>
            <relationships>
                <autoTerminate>false</autoTerminate>
                <name>success</name>
            </relationships>
            <state>RUNNING</state>
            <style/>
            <type>org.apache.nifi.processors.standard.CompressContent</type>
        </processors>
    </snippet>
    <timestamp>09/06/2021 13:01:21 PDT</timestamp>
</template>
