<?xml version="1.0" encoding="UTF-8" standalone="yes"?>
<template encoding-version="1.3">
    <description>Fluxo de Dados - com dados aleatorios</description>
    <groupId>55a2d962-017b-1000-4f70-141c3a7dff76</groupId>
    <name>Carga - Treina01</name>
    <snippet>
        <connections>
            <id>adea0823-861d-3cdf-0000-000000000000</id>
            <parentGroupId>50438849-cc79-3253-0000-000000000000</parentGroupId>
            <backPressureDataSizeThreshold>1 GB</backPressureDataSizeThreshold>
            <backPressureObjectThreshold>10000</backPressureObjectThreshold>
            <destination>
                <groupId>50438849-cc79-3253-0000-000000000000</groupId>
                <id>3f2596fc-a3a8-39de-0000-000000000000</id>
                <type>PROCESSOR</type>
            </destination>
            <flowFileExpiration>0 sec</flowFileExpiration>
            <labelIndex>1</labelIndex>
            <loadBalanceCompression>DO_NOT_COMPRESS</loadBalanceCompression>
            <loadBalancePartitionAttribute></loadBalancePartitionAttribute>
            <loadBalanceStatus>LOAD_BALANCE_NOT_CONFIGURED</loadBalanceStatus>
            <loadBalanceStrategy>DO_NOT_LOAD_BALANCE</loadBalanceStrategy>
            <name>SAIDADEDADOS</name>
            <selectedRelationships>success</selectedRelationships>
            <source>
                <groupId>50438849-cc79-3253-0000-000000000000</groupId>
                <id>e732d276-4d13-3d18-0000-000000000000</id>
                <type>PROCESSOR</type>
            </source>
            <zIndex>0</zIndex>
        </connections>
        <processors>
            <id>3f2596fc-a3a8-39de-0000-000000000000</id>
            <parentGroupId>50438849-cc79-3253-0000-000000000000</parentGroupId>
            <position>
                <x>0.0</x>
                <y>304.0</y>
            </position>
            <bundle>
                <artifact>nifi-standard-nar</artifact>
                <group>org.apache.nifi</group>
                <version>1.13.2</version>
            </bundle>
            <config>
                <bulletinLevel>WARN</bulletinLevel>
                <comments></comments>
                <concurrentlySchedulableTaskCount>1</concurrentlySchedulableTaskCount>
                <descriptors>
                    <entry>
                        <key>Log Level</key>
                        <value>
                            <name>Log Level</name>
                        </value>
                    </entry>
                    <entry>
                        <key>Log Payload</key>
                        <value>
                            <name>Log Payload</name>
                        </value>
                    </entry>
                    <entry>
                        <key>Attributes to Log</key>
                        <value>
                            <name>Attributes to Log</name>
                        </value>
                    </entry>
                    <entry>
                        <key>attributes-to-log-regex</key>
                        <value>
                            <name>attributes-to-log-regex</name>
                        </value>
                    </entry>
                    <entry>
                        <key>Attributes to Ignore</key>
                        <value>
                            <name>Attributes to Ignore</name>
                        </value>
                    </entry>
                    <entry>
                        <key>attributes-to-ignore-regex</key>
                        <value>
                            <name>attributes-to-ignore-regex</name>
                        </value>
                    </entry>
                    <entry>
                        <key>Log prefix</key>
                        <value>
                            <name>Log prefix</name>
                        </value>
                    </entry>
                    <entry>
                        <key>character-set</key>
                        <value>
                            <name>character-set</name>
                        </value>
                    </entry>
                </descriptors>
                <executionNode>ALL</executionNode>
                <lossTolerant>false</lossTolerant>
                <penaltyDuration>30 sec</penaltyDuration>
                <properties>
                    <entry>
                        <key>Log Level</key>
                        <value>info</value>
                    </entry>
                    <entry>
                        <key>Log Payload</key>
                        <value>false</value>
                    </entry>
                    <entry>
                        <key>Attributes to Log</key>
                    </entry>
                    <entry>
                        <key>attributes-to-log-regex</key>
                        <value>.*</value>
                    </entry>
                    <entry>
                        <key>Attributes to Ignore</key>
                    </entry>
                    <entry>
                        <key>attributes-to-ignore-regex</key>
                    </entry>
                    <entry>
                        <key>Log prefix</key>
                    </entry>
                    <entry>
                        <key>character-set</key>
                        <value>windows-1252</value>
                    </entry>
                </properties>
                <runDurationMillis>0</runDurationMillis>
                <schedulingPeriod>0 sec</schedulingPeriod>
                <schedulingStrategy>TIMER_DRIVEN</schedulingStrategy>
                <yieldDuration>1 sec</yieldDuration>
            </config>
            <executionNodeRestricted>false</executionNodeRestricted>
            <name>LogAttribute</name>
            <relationships>
                <autoTerminate>true</autoTerminate>
                <name>success</name>
            </relationships>
            <state>STOPPED</state>
            <style/>
            <type>org.apache.nifi.processors.standard.LogAttribute</type>
        </processors>
        <processors>
            <id>e732d276-4d13-3d18-0000-000000000000</id>
            <parentGroupId>50438849-cc79-3253-0000-000000000000</parentGroupId>
            <position>
                <x>56.0</x>
                <y>0.0</y>
            </position>
            <bundle>
                <artifact>nifi-standard-nar</artifact>
                <group>org.apache.nifi</group>
                <version>1.13.2</version>
            </bundle>
            <config>
                <bulletinLevel>WARN</bulletinLevel>
                <comments>GERACAO DE DADOS</comments>
                <concurrentlySchedulableTaskCount>1</concurrentlySchedulableTaskCount>
                <descriptors>
                    <entry>
                        <key>File Size</key>
                        <value>
                            <name>File Size</name>
                        </value>
                    </entry>
                    <entry>
                        <key>Batch Size</key>
                        <value>
                            <name>Batch Size</name>
                        </value>
                    </entry>
                    <entry>
                        <key>Data Format</key>
                        <value>
                            <name>Data Format</name>
                        </value>
                    </entry>
                    <entry>
                        <key>Unique FlowFiles</key>
                        <value>
                            <name>Unique FlowFiles</name>
                        </value>
                    </entry>
                    <entry>
                        <key>generate-ff-custom-text</key>
                        <value>
                            <name>generate-ff-custom-text</name>
                        </value>
                    </entry>
                    <entry>
                        <key>character-set</key>
                        <value>
                            <name>character-set</name>
                        </value>
                    </entry>
                    <entry>
                        <key>mime-type</key>
                        <value>
                            <name>mime-type</name>
                        </value>
                    </entry>
                </descriptors>
                <executionNode>ALL</executionNode>
                <lossTolerant>false</lossTolerant>
                <penaltyDuration>30 sec</penaltyDuration>
                <properties>
                    <entry>
                        <key>File Size</key>
                        <value>10KB</value>
                    </entry>
                    <entry>
                        <key>Batch Size</key>
                        <value>1</value>
                    </entry>
                    <entry>
                        <key>Data Format</key>
                        <value>Text</value>
                    </entry>
                    <entry>
                        <key>Unique FlowFiles</key>
                        <value>false</value>
                    </entry>
                    <entry>
                        <key>generate-ff-custom-text</key>
                    </entry>
                    <entry>
                        <key>character-set</key>
                        <value>UTF-8</value>
                    </entry>
                    <entry>
                        <key>mime-type</key>
                    </entry>
                </properties>
                <runDurationMillis>0</runDurationMillis>
                <schedulingPeriod>5 sec</schedulingPeriod>
                <schedulingStrategy>TIMER_DRIVEN</schedulingStrategy>
                <yieldDuration>1 sec</yieldDuration>
            </config>
            <executionNodeRestricted>false</executionNodeRestricted>
            <name>GenerateFlowFile</name>
            <relationships>
                <autoTerminate>false</autoTerminate>
                <name>success</name>
            </relationships>
            <state>STOPPED</state>
            <style/>
            <type>org.apache.nifi.processors.standard.GenerateFlowFile</type>
        </processors>
    </snippet>
    <timestamp>09/04/2021 11:43:36 PDT</timestamp>
</template>
