<?xml version="1.0" encoding="UTF-8" standalone="yes"?>
<template encoding-version="1.3">
    <description></description>
    <groupId>55a2d962-017b-1000-4f70-141c3a7dff76</groupId>
    <name>Carga - Treina05</name>
    <snippet>
        <connections>
            <id>260fa18a-f897-353f-0000-000000000000</id>
            <parentGroupId>50438849-cc79-3253-0000-000000000000</parentGroupId>
            <backPressureDataSizeThreshold>1 GB</backPressureDataSizeThreshold>
            <backPressureObjectThreshold>10000</backPressureObjectThreshold>
            <bends>
                <x>648.0</x>
                <y>304.0</y>
            </bends>
            <destination>
                <groupId>50438849-cc79-3253-0000-000000000000</groupId>
                <id>9603f607-d317-3b30-0000-000000000000</id>
                <type>PROCESSOR</type>
            </destination>
            <flowFileExpiration>0 sec</flowFileExpiration>
            <labelIndex>0</labelIndex>
            <loadBalanceCompression>DO_NOT_COMPRESS</loadBalanceCompression>
            <loadBalancePartitionAttribute></loadBalancePartitionAttribute>
            <loadBalanceStatus>LOAD_BALANCE_NOT_CONFIGURED</loadBalanceStatus>
            <loadBalanceStrategy>DO_NOT_LOAD_BALANCE</loadBalanceStrategy>
            <name></name>
            <selectedRelationships>splits</selectedRelationships>
            <source>
                <groupId>50438849-cc79-3253-0000-000000000000</groupId>
                <id>037431b9-aa17-3d56-0000-000000000000</id>
                <type>PROCESSOR</type>
            </source>
            <zIndex>0</zIndex>
        </connections>
        <connections>
            <id>2ea549be-916c-3326-0000-000000000000</id>
            <parentGroupId>50438849-cc79-3253-0000-000000000000</parentGroupId>
            <backPressureDataSizeThreshold>1 GB</backPressureDataSizeThreshold>
            <backPressureObjectThreshold>10000</backPressureObjectThreshold>
            <destination>
                <groupId>50438849-cc79-3253-0000-000000000000</groupId>
                <id>e5e0d3f1-2b60-3931-0000-000000000000</id>
                <type>PROCESSOR</type>
            </destination>
            <flowFileExpiration>0 sec</flowFileExpiration>
            <labelIndex>1</labelIndex>
            <loadBalanceCompression>DO_NOT_COMPRESS</loadBalanceCompression>
            <loadBalancePartitionAttribute></loadBalancePartitionAttribute>
            <loadBalanceStatus>LOAD_BALANCE_NOT_CONFIGURED</loadBalanceStatus>
            <loadBalanceStrategy>DO_NOT_LOAD_BALANCE</loadBalanceStrategy>
            <name></name>
            <selectedRelationships>unmatched</selectedRelationships>
            <source>
                <groupId>50438849-cc79-3253-0000-000000000000</groupId>
                <id>0fd71ccc-fa49-3652-0000-000000000000</id>
                <type>PROCESSOR</type>
            </source>
            <zIndex>0</zIndex>
        </connections>
        <connections>
            <id>3de460d3-7980-3697-0000-000000000000</id>
            <parentGroupId>50438849-cc79-3253-0000-000000000000</parentGroupId>
            <backPressureDataSizeThreshold>1 GB</backPressureDataSizeThreshold>
            <backPressureObjectThreshold>10000</backPressureObjectThreshold>
            <bends>
                <x>1200.0</x>
                <y>320.0</y>
            </bends>
            <destination>
                <groupId>50438849-cc79-3253-0000-000000000000</groupId>
                <id>7e35abbb-b1d3-30d6-0000-000000000000</id>
                <type>PROCESSOR</type>
            </destination>
            <flowFileExpiration>0 sec</flowFileExpiration>
            <labelIndex>0</labelIndex>
            <loadBalanceCompression>DO_NOT_COMPRESS</loadBalanceCompression>
            <loadBalancePartitionAttribute></loadBalancePartitionAttribute>
            <loadBalanceStatus>LOAD_BALANCE_NOT_CONFIGURED</loadBalanceStatus>
            <loadBalanceStrategy>DO_NOT_LOAD_BALANCE</loadBalanceStrategy>
            <name></name>
            <selectedRelationships>merged</selectedRelationships>
            <source>
                <groupId>50438849-cc79-3253-0000-000000000000</groupId>
                <id>aa95df3c-3567-3a38-0000-000000000000</id>
                <type>PROCESSOR</type>
            </source>
            <zIndex>0</zIndex>
        </connections>
        <connections>
            <id>5a57526a-7a90-3cec-0000-000000000000</id>
            <parentGroupId>50438849-cc79-3253-0000-000000000000</parentGroupId>
            <backPressureDataSizeThreshold>1 GB</backPressureDataSizeThreshold>
            <backPressureObjectThreshold>10000</backPressureObjectThreshold>
            <destination>
                <groupId>50438849-cc79-3253-0000-000000000000</groupId>
                <id>aa95df3c-3567-3a38-0000-000000000000</id>
                <type>PROCESSOR</type>
            </destination>
            <flowFileExpiration>0 sec</flowFileExpiration>
            <labelIndex>1</labelIndex>
            <loadBalanceCompression>DO_NOT_COMPRESS</loadBalanceCompression>
            <loadBalancePartitionAttribute></loadBalancePartitionAttribute>
            <loadBalanceStatus>LOAD_BALANCE_NOT_CONFIGURED</loadBalanceStatus>
            <loadBalanceStrategy>DO_NOT_LOAD_BALANCE</loadBalanceStrategy>
            <name></name>
            <selectedRelationships>encontrou</selectedRelationships>
            <source>
                <groupId>50438849-cc79-3253-0000-000000000000</groupId>
                <id>0fd71ccc-fa49-3652-0000-000000000000</id>
                <type>PROCESSOR</type>
            </source>
            <zIndex>0</zIndex>
        </connections>
        <connections>
            <id>c6c4b03f-9984-3be8-0000-000000000000</id>
            <parentGroupId>50438849-cc79-3253-0000-000000000000</parentGroupId>
            <backPressureDataSizeThreshold>1 GB</backPressureDataSizeThreshold>
            <backPressureObjectThreshold>10000</backPressureObjectThreshold>
            <bends>
                <x>632.0</x>
                <y>72.0</y>
            </bends>
            <bends>
                <x>600.0</x>
                <y>72.0</y>
            </bends>
            <destination>
                <groupId>50438849-cc79-3253-0000-000000000000</groupId>
                <id>037431b9-aa17-3d56-0000-000000000000</id>
                <type>PROCESSOR</type>
            </destination>
            <flowFileExpiration>0 sec</flowFileExpiration>
            <labelIndex>0</labelIndex>
            <loadBalanceCompression>DO_NOT_COMPRESS</loadBalanceCompression>
            <loadBalancePartitionAttribute></loadBalancePartitionAttribute>
            <loadBalanceStatus>LOAD_BALANCE_NOT_CONFIGURED</loadBalanceStatus>
            <loadBalanceStrategy>DO_NOT_LOAD_BALANCE</loadBalanceStrategy>
            <name></name>
            <selectedRelationships>success</selectedRelationships>
            <source>
                <groupId>50438849-cc79-3253-0000-000000000000</groupId>
                <id>fcddfa3f-e964-3bd9-0000-000000000000</id>
                <type>PROCESSOR</type>
            </source>
            <zIndex>0</zIndex>
        </connections>
        <connections>
            <id>d1d87646-1796-3f06-0000-000000000000</id>
            <parentGroupId>50438849-cc79-3253-0000-000000000000</parentGroupId>
            <backPressureDataSizeThreshold>1 GB</backPressureDataSizeThreshold>
            <backPressureObjectThreshold>10000</backPressureObjectThreshold>
            <bends>
                <x>0.0</x>
                <y>472.0</y>
            </bends>
            <bends>
                <x>94.6473388671875</x>
                <y>530.3965454101562</y>
            </bends>
            <destination>
                <groupId>50438849-cc79-3253-0000-000000000000</groupId>
                <id>0fd71ccc-fa49-3652-0000-000000000000</id>
                <type>PROCESSOR</type>
            </destination>
            <flowFileExpiration>0 sec</flowFileExpiration>
            <labelIndex>2</labelIndex>
            <loadBalanceCompression>DO_NOT_COMPRESS</loadBalanceCompression>
            <loadBalancePartitionAttribute></loadBalancePartitionAttribute>
            <loadBalanceStatus>LOAD_BALANCE_NOT_CONFIGURED</loadBalanceStatus>
            <loadBalanceStrategy>DO_NOT_LOAD_BALANCE</loadBalanceStrategy>
            <name></name>
            <selectedRelationships>unmatched</selectedRelationships>
            <source>
                <groupId>50438849-cc79-3253-0000-000000000000</groupId>
                <id>9603f607-d317-3b30-0000-000000000000</id>
                <type>PROCESSOR</type>
            </source>
            <zIndex>0</zIndex>
        </connections>
        <connections>
            <id>e63d4fa6-ac07-3ad1-0000-000000000000</id>
            <parentGroupId>50438849-cc79-3253-0000-000000000000</parentGroupId>
            <backPressureDataSizeThreshold>1 GB</backPressureDataSizeThreshold>
            <backPressureObjectThreshold>10000</backPressureObjectThreshold>
            <bends>
                <x>520.0</x>
                <y>520.0</y>
            </bends>
            <destination>
                <groupId>50438849-cc79-3253-0000-000000000000</groupId>
                <id>0fd71ccc-fa49-3652-0000-000000000000</id>
                <type>PROCESSOR</type>
            </destination>
            <flowFileExpiration>0 sec</flowFileExpiration>
            <labelIndex>0</labelIndex>
            <loadBalanceCompression>DO_NOT_COMPRESS</loadBalanceCompression>
            <loadBalancePartitionAttribute></loadBalancePartitionAttribute>
            <loadBalanceStatus>LOAD_BALANCE_NOT_CONFIGURED</loadBalanceStatus>
            <loadBalanceStrategy>DO_NOT_LOAD_BALANCE</loadBalanceStrategy>
            <name></name>
            <selectedRelationships>matched</selectedRelationships>
            <source>
                <groupId>50438849-cc79-3253-0000-000000000000</groupId>
                <id>9603f607-d317-3b30-0000-000000000000</id>
                <type>PROCESSOR</type>
            </source>
            <zIndex>0</zIndex>
        </connections>
        <processors>
            <id>037431b9-aa17-3d56-0000-000000000000</id>
            <parentGroupId>50438849-cc79-3253-0000-000000000000</parentGroupId>
            <position>
                <x>112.0</x>
                <y>160.0</y>
            </position>
            <bundle>
                <artifact>nifi-standard-nar</artifact>
                <group>org.apache.nifi</group>
                <version>1.13.2</version>
            </bundle>
            <config>
                <bulletinLevel>WARN</bulletinLevel>
                <comments></comments>
                <concurrentlySchedulableTaskCount>1</concurrentlySchedulableTaskCount>
                <descriptors>
                    <entry>
                        <key>Line Split Count</key>
                        <value>
                            <name>Line Split Count</name>
                        </value>
                    </entry>
                    <entry>
                        <key>Maximum Fragment Size</key>
                        <value>
                            <name>Maximum Fragment Size</name>
                        </value>
                    </entry>
                    <entry>
                        <key>Header Line Count</key>
                        <value>
                            <name>Header Line Count</name>
                        </value>
                    </entry>
                    <entry>
                        <key>Header Line Marker Characters</key>
                        <value>
                            <name>Header Line Marker Characters</name>
                        </value>
                    </entry>
                    <entry>
                        <key>Remove Trailing Newlines</key>
                        <value>
                            <name>Remove Trailing Newlines</name>
                        </value>
                    </entry>
                </descriptors>
                <executionNode>ALL</executionNode>
                <lossTolerant>false</lossTolerant>
                <penaltyDuration>30 sec</penaltyDuration>
                <properties>
                    <entry>
                        <key>Line Split Count</key>
                        <value>1</value>
                    </entry>
                    <entry>
                        <key>Maximum Fragment Size</key>
                    </entry>
                    <entry>
                        <key>Header Line Count</key>
                        <value>0</value>
                    </entry>
                    <entry>
                        <key>Header Line Marker Characters</key>
                    </entry>
                    <entry>
                        <key>Remove Trailing Newlines</key>
                        <value>true</value>
                    </entry>
                </properties>
                <runDurationMillis>0</runDurationMillis>
                <schedulingPeriod>0 sec</schedulingPeriod>
                <schedulingStrategy>TIMER_DRIVEN</schedulingStrategy>
                <yieldDuration>1 sec</yieldDuration>
            </config>
            <executionNodeRestricted>false</executionNodeRestricted>
            <name>SplitText</name>
            <relationships>
                <autoTerminate>true</autoTerminate>
                <name>failure</name>
            </relationships>
            <relationships>
                <autoTerminate>true</autoTerminate>
                <name>original</name>
            </relationships>
            <relationships>
                <autoTerminate>false</autoTerminate>
                <name>splits</name>
            </relationships>
            <state>RUNNING</state>
            <style/>
            <type>org.apache.nifi.processors.standard.SplitText</type>
        </processors>
        <processors>
            <id>0fd71ccc-fa49-3652-0000-000000000000</id>
            <parentGroupId>50438849-cc79-3253-0000-000000000000</parentGroupId>
            <position>
                <x>104.0</x>
                <y>600.0</y>
            </position>
            <bundle>
                <artifact>nifi-standard-nar</artifact>
                <group>org.apache.nifi</group>
                <version>1.13.2</version>
            </bundle>
            <config>
                <bulletinLevel>WARN</bulletinLevel>
                <comments></comments>
                <concurrentlySchedulableTaskCount>1</concurrentlySchedulableTaskCount>
                <descriptors>
                    <entry>
                        <key>Routing Strategy</key>
                        <value>
                            <name>Routing Strategy</name>
                        </value>
                    </entry>
                    <entry>
                        <key>encontrou</key>
                        <value>
                            <name>encontrou</name>
                        </value>
                    </entry>
                </descriptors>
                <executionNode>ALL</executionNode>
                <lossTolerant>false</lossTolerant>
                <penaltyDuration>30 sec</penaltyDuration>
                <properties>
                    <entry>
                        <key>Routing Strategy</key>
                        <value>Route to Property name</value>
                    </entry>
                    <entry>
                        <key>encontrou</key>
                        <value>${registro.2:contains('dentista')}</value>
                    </entry>
                </properties>
                <runDurationMillis>0</runDurationMillis>
                <schedulingPeriod>0 sec</schedulingPeriod>
                <schedulingStrategy>TIMER_DRIVEN</schedulingStrategy>
                <yieldDuration>1 sec</yieldDuration>
            </config>
            <executionNodeRestricted>false</executionNodeRestricted>
            <name>RouteOnAttribute</name>
            <relationships>
                <autoTerminate>false</autoTerminate>
                <name>encontrou</name>
            </relationships>
            <relationships>
                <autoTerminate>false</autoTerminate>
                <name>unmatched</name>
            </relationships>
            <state>RUNNING</state>
            <style/>
            <type>org.apache.nifi.processors.standard.RouteOnAttribute</type>
        </processors>
        <processors>
            <id>7e35abbb-b1d3-30d6-0000-000000000000</id>
            <parentGroupId>50438849-cc79-3253-0000-000000000000</parentGroupId>
            <position>
                <x>1168.0</x>
                <y>424.0</y>
            </position>
            <bundle>
                <artifact>nifi-standard-nar</artifact>
                <group>org.apache.nifi</group>
                <version>1.13.2</version>
            </bundle>
            <config>
                <bulletinLevel>WARN</bulletinLevel>
                <comments></comments>
                <concurrentlySchedulableTaskCount>1</concurrentlySchedulableTaskCount>
                <descriptors>
                    <entry>
                        <key>Directory</key>
                        <value>
                            <name>Directory</name>
                        </value>
                    </entry>
                    <entry>
                        <key>Conflict Resolution Strategy</key>
                        <value>
                            <name>Conflict Resolution Strategy</name>
                        </value>
                    </entry>
                    <entry>
                        <key>Create Missing Directories</key>
                        <value>
                            <name>Create Missing Directories</name>
                        </value>
                    </entry>
                    <entry>
                        <key>Maximum File Count</key>
                        <value>
                            <name>Maximum File Count</name>
                        </value>
                    </entry>
                    <entry>
                        <key>Last Modified Time</key>
                        <value>
                            <name>Last Modified Time</name>
                        </value>
                    </entry>
                    <entry>
                        <key>Permissions</key>
                        <value>
                            <name>Permissions</name>
                        </value>
                    </entry>
                    <entry>
                        <key>Owner</key>
                        <value>
                            <name>Owner</name>
                        </value>
                    </entry>
                    <entry>
                        <key>Group</key>
                        <value>
                            <name>Group</name>
                        </value>
                    </entry>
                </descriptors>
                <executionNode>ALL</executionNode>
                <lossTolerant>false</lossTolerant>
                <penaltyDuration>30 sec</penaltyDuration>
                <properties>
                    <entry>
                        <key>Directory</key>
                        <value>C:\NiFi\Saida</value>
                    </entry>
                    <entry>
                        <key>Conflict Resolution Strategy</key>
                        <value>replace</value>
                    </entry>
                    <entry>
                        <key>Create Missing Directories</key>
                        <value>true</value>
                    </entry>
                    <entry>
                        <key>Maximum File Count</key>
                    </entry>
                    <entry>
                        <key>Last Modified Time</key>
                    </entry>
                    <entry>
                        <key>Permissions</key>
                    </entry>
                    <entry>
                        <key>Owner</key>
                    </entry>
                    <entry>
                        <key>Group</key>
                    </entry>
                </properties>
                <runDurationMillis>0</runDurationMillis>
                <schedulingPeriod>0 sec</schedulingPeriod>
                <schedulingStrategy>TIMER_DRIVEN</schedulingStrategy>
                <yieldDuration>1 sec</yieldDuration>
            </config>
            <executionNodeRestricted>false</executionNodeRestricted>
            <name>PutFile</name>
            <relationships>
                <autoTerminate>true</autoTerminate>
                <name>failure</name>
            </relationships>
            <relationships>
                <autoTerminate>true</autoTerminate>
                <name>success</name>
            </relationships>
            <state>RUNNING</state>
            <style/>
            <type>org.apache.nifi.processors.standard.PutFile</type>
        </processors>
        <processors>
            <id>9603f607-d317-3b30-0000-000000000000</id>
            <parentGroupId>50438849-cc79-3253-0000-000000000000</parentGroupId>
            <position>
                <x>112.0</x>
                <y>312.0</y>
            </position>
            <bundle>
                <artifact>nifi-standard-nar</artifact>
                <group>org.apache.nifi</group>
                <version>1.13.2</version>
            </bundle>
            <config>
                <bulletinLevel>WARN</bulletinLevel>
                <comments></comments>
                <concurrentlySchedulableTaskCount>1</concurrentlySchedulableTaskCount>
                <descriptors>
                    <entry>
                        <key>Character Set</key>
                        <value>
                            <name>Character Set</name>
                        </value>
                    </entry>
                    <entry>
                        <key>Maximum Buffer Size</key>
                        <value>
                            <name>Maximum Buffer Size</name>
                        </value>
                    </entry>
                    <entry>
                        <key>Maximum Capture Group Length</key>
                        <value>
                            <name>Maximum Capture Group Length</name>
                        </value>
                    </entry>
                    <entry>
                        <key>Enable Canonical Equivalence</key>
                        <value>
                            <name>Enable Canonical Equivalence</name>
                        </value>
                    </entry>
                    <entry>
                        <key>Enable Case-insensitive Matching</key>
                        <value>
                            <name>Enable Case-insensitive Matching</name>
                        </value>
                    </entry>
                    <entry>
                        <key>Permit Whitespace and Comments in Pattern</key>
                        <value>
                            <name>Permit Whitespace and Comments in Pattern</name>
                        </value>
                    </entry>
                    <entry>
                        <key>Enable DOTALL Mode</key>
                        <value>
                            <name>Enable DOTALL Mode</name>
                        </value>
                    </entry>
                    <entry>
                        <key>Enable Literal Parsing of the Pattern</key>
                        <value>
                            <name>Enable Literal Parsing of the Pattern</name>
                        </value>
                    </entry>
                    <entry>
                        <key>Enable Multiline Mode</key>
                        <value>
                            <name>Enable Multiline Mode</name>
                        </value>
                    </entry>
                    <entry>
                        <key>Enable Unicode-aware Case Folding</key>
                        <value>
                            <name>Enable Unicode-aware Case Folding</name>
                        </value>
                    </entry>
                    <entry>
                        <key>Enable Unicode Predefined Character Classes</key>
                        <value>
                            <name>Enable Unicode Predefined Character Classes</name>
                        </value>
                    </entry>
                    <entry>
                        <key>Enable Unix Lines Mode</key>
                        <value>
                            <name>Enable Unix Lines Mode</name>
                        </value>
                    </entry>
                    <entry>
                        <key>Include Capture Group 0</key>
                        <value>
                            <name>Include Capture Group 0</name>
                        </value>
                    </entry>
                    <entry>
                        <key>extract-text-enable-repeating-capture-group</key>
                        <value>
                            <name>extract-text-enable-repeating-capture-group</name>
                        </value>
                    </entry>
                    <entry>
                        <key>registro</key>
                        <value>
                            <name>registro</name>
                        </value>
                    </entry>
                </descriptors>
                <executionNode>ALL</executionNode>
                <lossTolerant>false</lossTolerant>
                <penaltyDuration>30 sec</penaltyDuration>
                <properties>
                    <entry>
                        <key>Character Set</key>
                        <value>UTF-8</value>
                    </entry>
                    <entry>
                        <key>Maximum Buffer Size</key>
                        <value>1 MB</value>
                    </entry>
                    <entry>
                        <key>Maximum Capture Group Length</key>
                        <value>1024</value>
                    </entry>
                    <entry>
                        <key>Enable Canonical Equivalence</key>
                        <value>false</value>
                    </entry>
                    <entry>
                        <key>Enable Case-insensitive Matching</key>
                        <value>false</value>
                    </entry>
                    <entry>
                        <key>Permit Whitespace and Comments in Pattern</key>
                        <value>false</value>
                    </entry>
                    <entry>
                        <key>Enable DOTALL Mode</key>
                        <value>false</value>
                    </entry>
                    <entry>
                        <key>Enable Literal Parsing of the Pattern</key>
                        <value>false</value>
                    </entry>
                    <entry>
                        <key>Enable Multiline Mode</key>
                        <value>false</value>
                    </entry>
                    <entry>
                        <key>Enable Unicode-aware Case Folding</key>
                        <value>false</value>
                    </entry>
                    <entry>
                        <key>Enable Unicode Predefined Character Classes</key>
                        <value>false</value>
                    </entry>
                    <entry>
                        <key>Enable Unix Lines Mode</key>
                        <value>false</value>
                    </entry>
                    <entry>
                        <key>Include Capture Group 0</key>
                        <value>true</value>
                    </entry>
                    <entry>
                        <key>extract-text-enable-repeating-capture-group</key>
                        <value>false</value>
                    </entry>
                    <entry>
                        <key>registro</key>
                        <value>(.+),(.+),(.+)</value>
                    </entry>
                </properties>
                <runDurationMillis>0</runDurationMillis>
                <schedulingPeriod>0 sec</schedulingPeriod>
                <schedulingStrategy>TIMER_DRIVEN</schedulingStrategy>
                <yieldDuration>1 sec</yieldDuration>
            </config>
            <executionNodeRestricted>false</executionNodeRestricted>
            <name>ExtractText</name>
            <relationships>
                <autoTerminate>false</autoTerminate>
                <name>matched</name>
            </relationships>
            <relationships>
                <autoTerminate>false</autoTerminate>
                <name>unmatched</name>
            </relationships>
            <state>RUNNING</state>
            <style/>
            <type>org.apache.nifi.processors.standard.ExtractText</type>
        </processors>
        <processors>
            <id>aa95df3c-3567-3a38-0000-000000000000</id>
            <parentGroupId>50438849-cc79-3253-0000-000000000000</parentGroupId>
            <position>
                <x>752.0</x>
                <y>424.0</y>
            </position>
            <bundle>
                <artifact>nifi-standard-nar</artifact>
                <group>org.apache.nifi</group>
                <version>1.13.2</version>
            </bundle>
            <config>
                <bulletinLevel>WARN</bulletinLevel>
                <comments></comments>
                <concurrentlySchedulableTaskCount>1</concurrentlySchedulableTaskCount>
                <descriptors>
                    <entry>
                        <key>Merge Strategy</key>
                        <value>
                            <name>Merge Strategy</name>
                        </value>
                    </entry>
                    <entry>
                        <key>Merge Format</key>
                        <value>
                            <name>Merge Format</name>
                        </value>
                    </entry>
                    <entry>
                        <key>Attribute Strategy</key>
                        <value>
                            <name>Attribute Strategy</name>
                        </value>
                    </entry>
                    <entry>
                        <key>Correlation Attribute Name</key>
                        <value>
                            <dependencies>
<dependentValues>Bin-Packing Algorithm</dependentValues>
<propertyName>Merge Strategy</propertyName>
                            </dependencies>
                            <name>Correlation Attribute Name</name>
                        </value>
                    </entry>
                    <entry>
                        <key>mergecontent-metadata-strategy</key>
                        <value>
                            <dependencies>
<dependentValues>Avro</dependentValues>
<propertyName>Merge Format</propertyName>
                            </dependencies>
                            <name>mergecontent-metadata-strategy</name>
                        </value>
                    </entry>
                    <entry>
                        <key>Minimum Number of Entries</key>
                        <value>
                            <dependencies>
<dependentValues>Bin-Packing Algorithm</dependentValues>
<propertyName>Merge Strategy</propertyName>
                            </dependencies>
                            <name>Minimum Number of Entries</name>
                        </value>
                    </entry>
                    <entry>
                        <key>Maximum Number of Entries</key>
                        <value>
                            <dependencies>
<dependentValues>Bin-Packing Algorithm</dependentValues>
<propertyName>Merge Strategy</propertyName>
                            </dependencies>
                            <name>Maximum Number of Entries</name>
                        </value>
                    </entry>
                    <entry>
                        <key>Minimum Group Size</key>
                        <value>
                            <dependencies>
<dependentValues>Bin-Packing Algorithm</dependentValues>
<propertyName>Merge Strategy</propertyName>
                            </dependencies>
                            <name>Minimum Group Size</name>
                        </value>
                    </entry>
                    <entry>
                        <key>Maximum Group Size</key>
                        <value>
                            <dependencies>
<dependentValues>Bin-Packing Algorithm</dependentValues>
<propertyName>Merge Strategy</propertyName>
                            </dependencies>
                            <name>Maximum Group Size</name>
                        </value>
                    </entry>
                    <entry>
                        <key>Max Bin Age</key>
                        <value>
                            <name>Max Bin Age</name>
                        </value>
                    </entry>
                    <entry>
                        <key>Maximum number of Bins</key>
                        <value>
                            <name>Maximum number of Bins</name>
                        </value>
                    </entry>
                    <entry>
                        <key>Delimiter Strategy</key>
                        <value>
                            <dependencies>
<dependentValues>Binary Concatenation</dependentValues>
<propertyName>Merge Format</propertyName>
                            </dependencies>
                            <name>Delimiter Strategy</name>
                        </value>
                    </entry>
                    <entry>
                        <key>Header File</key>
                        <value>
                            <dependencies>
<dependentValues>Filename</dependentValues>
<dependentValues>Text</dependentValues>
<propertyName>Delimiter Strategy</propertyName>
                            </dependencies>
                            <name>Header File</name>
                        </value>
                    </entry>
                    <entry>
                        <key>Footer File</key>
                        <value>
                            <dependencies>
<dependentValues>Filename</dependentValues>
<dependentValues>Text</dependentValues>
<propertyName>Delimiter Strategy</propertyName>
                            </dependencies>
                            <name>Footer File</name>
                        </value>
                    </entry>
                    <entry>
                        <key>Demarcator File</key>
                        <value>
                            <dependencies>
<dependentValues>Filename</dependentValues>
<dependentValues>Text</dependentValues>
<propertyName>Delimiter Strategy</propertyName>
                            </dependencies>
                            <name>Demarcator File</name>
                        </value>
                    </entry>
                    <entry>
                        <key>Compression Level</key>
                        <value>
                            <dependencies>
<dependentValues>ZIP</dependentValues>
<propertyName>Merge Format</propertyName>
                            </dependencies>
                            <name>Compression Level</name>
                        </value>
                    </entry>
                    <entry>
                        <key>Keep Path</key>
                        <value>
                            <dependencies>
<dependentValues>ZIP</dependentValues>
<dependentValues>TAR</dependentValues>
<propertyName>Merge Format</propertyName>
                            </dependencies>
                            <name>Keep Path</name>
                        </value>
                    </entry>
                    <entry>
                        <key>Tar Modified Time</key>
                        <value>
                            <dependencies>
<dependentValues>TAR</dependentValues>
<propertyName>Merge Format</propertyName>
                            </dependencies>
                            <name>Tar Modified Time</name>
                        </value>
                    </entry>
                </descriptors>
                <executionNode>ALL</executionNode>
                <lossTolerant>false</lossTolerant>
                <penaltyDuration>30 sec</penaltyDuration>
                <properties>
                    <entry>
                        <key>Merge Strategy</key>
                        <value>Bin-Packing Algorithm</value>
                    </entry>
                    <entry>
                        <key>Merge Format</key>
                        <value>Binary Concatenation</value>
                    </entry>
                    <entry>
                        <key>Attribute Strategy</key>
                        <value>Keep Only Common Attributes</value>
                    </entry>
                    <entry>
                        <key>Correlation Attribute Name</key>
                    </entry>
                    <entry>
                        <key>mergecontent-metadata-strategy</key>
                        <value>Do Not Merge Uncommon Metadata</value>
                    </entry>
                    <entry>
                        <key>Minimum Number of Entries</key>
                        <value>1</value>
                    </entry>
                    <entry>
                        <key>Maximum Number of Entries</key>
                        <value>1000</value>
                    </entry>
                    <entry>
                        <key>Minimum Group Size</key>
                        <value>0 B</value>
                    </entry>
                    <entry>
                        <key>Maximum Group Size</key>
                    </entry>
                    <entry>
                        <key>Max Bin Age</key>
                    </entry>
                    <entry>
                        <key>Maximum number of Bins</key>
                        <value>5</value>
                    </entry>
                    <entry>
                        <key>Delimiter Strategy</key>
                        <value>Text</value>
                    </entry>
                    <entry>
                        <key>Header File</key>
                    </entry>
                    <entry>
                        <key>Footer File</key>
                    </entry>
                    <entry>
                        <key>Demarcator File</key>
                        <value>${literal('&amp;#10;'):unescapeXml()}</value>
                    </entry>
                    <entry>
                        <key>Compression Level</key>
                        <value>1</value>
                    </entry>
                    <entry>
                        <key>Keep Path</key>
                        <value>false</value>
                    </entry>
                    <entry>
                        <key>Tar Modified Time</key>
                        <value>${file.lastModifiedTime}</value>
                    </entry>
                </properties>
                <runDurationMillis>0</runDurationMillis>
                <schedulingPeriod>0 sec</schedulingPeriod>
                <schedulingStrategy>TIMER_DRIVEN</schedulingStrategy>
                <yieldDuration>1 sec</yieldDuration>
            </config>
            <executionNodeRestricted>false</executionNodeRestricted>
            <name>MergeContent</name>
            <relationships>
                <autoTerminate>true</autoTerminate>
                <name>failure</name>
            </relationships>
            <relationships>
                <autoTerminate>false</autoTerminate>
                <name>merged</name>
            </relationships>
            <relationships>
                <autoTerminate>true</autoTerminate>
                <name>original</name>
            </relationships>
            <state>RUNNING</state>
            <style/>
            <type>org.apache.nifi.processors.standard.MergeContent</type>
        </processors>
        <processors>
            <id>e5e0d3f1-2b60-3931-0000-000000000000</id>
            <parentGroupId>50438849-cc79-3253-0000-000000000000</parentGroupId>
            <position>
                <x>832.0</x>
                <y>664.0</y>
            </position>
            <bundle>
                <artifact>nifi-standard-nar</artifact>
                <group>org.apache.nifi</group>
                <version>1.13.2</version>
            </bundle>
            <config>
                <bulletinLevel>WARN</bulletinLevel>
                <comments></comments>
                <concurrentlySchedulableTaskCount>1</concurrentlySchedulableTaskCount>
                <descriptors>
                    <entry>
                        <key>log-level</key>
                        <value>
                            <name>log-level</name>
                        </value>
                    </entry>
                    <entry>
                        <key>log-prefix</key>
                        <value>
                            <name>log-prefix</name>
                        </value>
                    </entry>
                    <entry>
                        <key>log-message</key>
                        <value>
                            <name>log-message</name>
                        </value>
                    </entry>
                </descriptors>
                <executionNode>ALL</executionNode>
                <lossTolerant>false</lossTolerant>
                <penaltyDuration>30 sec</penaltyDuration>
                <properties>
                    <entry>
                        <key>log-level</key>
                        <value>info</value>
                    </entry>
                    <entry>
                        <key>log-prefix</key>
                    </entry>
                    <entry>
                        <key>log-message</key>
                    </entry>
                </properties>
                <runDurationMillis>0</runDurationMillis>
                <schedulingPeriod>0 sec</schedulingPeriod>
                <schedulingStrategy>TIMER_DRIVEN</schedulingStrategy>
                <yieldDuration>1 sec</yieldDuration>
            </config>
            <executionNodeRestricted>false</executionNodeRestricted>
            <name>LogMessage</name>
            <relationships>
                <autoTerminate>true</autoTerminate>
                <name>success</name>
            </relationships>
            <state>RUNNING</state>
            <style/>
            <type>org.apache.nifi.processors.standard.LogMessage</type>
        </processors>
        <processors>
            <id>fcddfa3f-e964-3bd9-0000-000000000000</id>
            <parentGroupId>50438849-cc79-3253-0000-000000000000</parentGroupId>
            <position>
                <x>112.0</x>
                <y>0.0</y>
            </position>
            <bundle>
                <artifact>nifi-standard-nar</artifact>
                <group>org.apache.nifi</group>
                <version>1.13.2</version>
            </bundle>
            <config>
                <bulletinLevel>WARN</bulletinLevel>
                <comments></comments>
                <concurrentlySchedulableTaskCount>1</concurrentlySchedulableTaskCount>
                <descriptors>
                    <entry>
                        <key>Input Directory</key>
                        <value>
                            <name>Input Directory</name>
                        </value>
                    </entry>
                    <entry>
                        <key>File Filter</key>
                        <value>
                            <name>File Filter</name>
                        </value>
                    </entry>
                    <entry>
                        <key>Path Filter</key>
                        <value>
                            <name>Path Filter</name>
                        </value>
                    </entry>
                    <entry>
                        <key>Batch Size</key>
                        <value>
                            <name>Batch Size</name>
                        </value>
                    </entry>
                    <entry>
                        <key>Keep Source File</key>
                        <value>
                            <name>Keep Source File</name>
                        </value>
                    </entry>
                    <entry>
                        <key>Recurse Subdirectories</key>
                        <value>
                            <name>Recurse Subdirectories</name>
                        </value>
                    </entry>
                    <entry>
                        <key>Polling Interval</key>
                        <value>
                            <name>Polling Interval</name>
                        </value>
                    </entry>
                    <entry>
                        <key>Ignore Hidden Files</key>
                        <value>
                            <name>Ignore Hidden Files</name>
                        </value>
                    </entry>
                    <entry>
                        <key>Minimum File Age</key>
                        <value>
                            <name>Minimum File Age</name>
                        </value>
                    </entry>
                    <entry>
                        <key>Maximum File Age</key>
                        <value>
                            <name>Maximum File Age</name>
                        </value>
                    </entry>
                    <entry>
                        <key>Minimum File Size</key>
                        <value>
                            <name>Minimum File Size</name>
                        </value>
                    </entry>
                    <entry>
                        <key>Maximum File Size</key>
                        <value>
                            <name>Maximum File Size</name>
                        </value>
                    </entry>
                </descriptors>
                <executionNode>ALL</executionNode>
                <lossTolerant>false</lossTolerant>
                <penaltyDuration>30 sec</penaltyDuration>
                <properties>
                    <entry>
                        <key>Input Directory</key>
                        <value>C:\NiFi\Filtra</value>
                    </entry>
                    <entry>
                        <key>File Filter</key>
                        <value>Saude.txt</value>
                    </entry>
                    <entry>
                        <key>Path Filter</key>
                    </entry>
                    <entry>
                        <key>Batch Size</key>
                        <value>10</value>
                    </entry>
                    <entry>
                        <key>Keep Source File</key>
                        <value>true</value>
                    </entry>
                    <entry>
                        <key>Recurse Subdirectories</key>
                        <value>true</value>
                    </entry>
                    <entry>
                        <key>Polling Interval</key>
                        <value>0 sec</value>
                    </entry>
                    <entry>
                        <key>Ignore Hidden Files</key>
                        <value>true</value>
                    </entry>
                    <entry>
                        <key>Minimum File Age</key>
                        <value>0 sec</value>
                    </entry>
                    <entry>
                        <key>Maximum File Age</key>
                    </entry>
                    <entry>
                        <key>Minimum File Size</key>
                        <value>0 B</value>
                    </entry>
                    <entry>
                        <key>Maximum File Size</key>
                    </entry>
                </properties>
                <runDurationMillis>0</runDurationMillis>
                <schedulingPeriod>1 min</schedulingPeriod>
                <schedulingStrategy>TIMER_DRIVEN</schedulingStrategy>
                <yieldDuration>1 sec</yieldDuration>
            </config>
            <executionNodeRestricted>false</executionNodeRestricted>
            <name>GetFile</name>
            <relationships>
                <autoTerminate>false</autoTerminate>
                <name>success</name>
            </relationships>
            <state>RUNNING</state>
            <style/>
            <type>org.apache.nifi.processors.standard.GetFile</type>
        </processors>
    </snippet>
    <timestamp>09/21/2021 05:37:44 PDT</timestamp>
</template>
