<?xml version="1.0" encoding="UTF-8" standalone="yes"?>
<template encoding-version="1.3">
    <description></description>
    <groupId>100cb9d6-017c-1000-ebd1-abcd84d049ca</groupId>
    <name>Carga - Treina08</name>
    <snippet>
        <connections>
            <id>0d75874f-daf8-300b-0000-000000000000</id>
            <parentGroupId>a5859f51-9398-3359-0000-000000000000</parentGroupId>
            <backPressureDataSizeThreshold>1 GB</backPressureDataSizeThreshold>
            <backPressureObjectThreshold>10000</backPressureObjectThreshold>
            <destination>
                <groupId>a5859f51-9398-3359-0000-000000000000</groupId>
                <id>961fb62b-b63e-3459-0000-000000000000</id>
                <type>FUNNEL</type>
            </destination>
            <flowFileExpiration>0 sec</flowFileExpiration>
            <labelIndex>1</labelIndex>
            <loadBalanceCompression>DO_NOT_COMPRESS</loadBalanceCompression>
            <loadBalancePartitionAttribute></loadBalancePartitionAttribute>
            <loadBalanceStatus>LOAD_BALANCE_NOT_CONFIGURED</loadBalanceStatus>
            <loadBalanceStrategy>DO_NOT_LOAD_BALANCE</loadBalanceStrategy>
            <name></name>
            <selectedRelationships>success</selectedRelationships>
            <source>
                <groupId>a5859f51-9398-3359-0000-000000000000</groupId>
                <id>29346e1e-0c1d-31d8-0000-000000000000</id>
                <type>PROCESSOR</type>
            </source>
            <zIndex>0</zIndex>
        </connections>
        <connections>
            <id>27bf7251-3e62-34ac-0000-000000000000</id>
            <parentGroupId>a5859f51-9398-3359-0000-000000000000</parentGroupId>
            <backPressureDataSizeThreshold>1 GB</backPressureDataSizeThreshold>
            <backPressureObjectThreshold>10000</backPressureObjectThreshold>
            <destination>
                <groupId>a5859f51-9398-3359-0000-000000000000</groupId>
                <id>961fb62b-b63e-3459-0000-000000000000</id>
                <type>FUNNEL</type>
            </destination>
            <flowFileExpiration>0 sec</flowFileExpiration>
            <labelIndex>1</labelIndex>
            <loadBalanceCompression>DO_NOT_COMPRESS</loadBalanceCompression>
            <loadBalancePartitionAttribute></loadBalancePartitionAttribute>
            <loadBalanceStatus>LOAD_BALANCE_NOT_CONFIGURED</loadBalanceStatus>
            <loadBalanceStrategy>DO_NOT_LOAD_BALANCE</loadBalanceStrategy>
            <name></name>
            <selectedRelationships>success</selectedRelationships>
            <source>
                <groupId>a5859f51-9398-3359-0000-000000000000</groupId>
                <id>0005d96d-666b-3e70-0000-000000000000</id>
                <type>PROCESSOR</type>
            </source>
            <zIndex>0</zIndex>
        </connections>
        <connections>
            <id>83a77aed-b6fb-3583-0000-000000000000</id>
            <parentGroupId>a5859f51-9398-3359-0000-000000000000</parentGroupId>
            <backPressureDataSizeThreshold>1 GB</backPressureDataSizeThreshold>
            <backPressureObjectThreshold>10000</backPressureObjectThreshold>
            <destination>
                <groupId>a5859f51-9398-3359-0000-000000000000</groupId>
                <id>961fb62b-b63e-3459-0000-000000000000</id>
                <type>FUNNEL</type>
            </destination>
            <flowFileExpiration>0 sec</flowFileExpiration>
            <labelIndex>1</labelIndex>
            <loadBalanceCompression>DO_NOT_COMPRESS</loadBalanceCompression>
            <loadBalancePartitionAttribute></loadBalancePartitionAttribute>
            <loadBalanceStatus>LOAD_BALANCE_NOT_CONFIGURED</loadBalanceStatus>
            <loadBalanceStrategy>DO_NOT_LOAD_BALANCE</loadBalanceStrategy>
            <name></name>
            <selectedRelationships>success</selectedRelationships>
            <source>
                <groupId>a5859f51-9398-3359-0000-000000000000</groupId>
                <id>d59b3d36-acde-3f64-0000-000000000000</id>
                <type>PROCESSOR</type>
            </source>
            <zIndex>0</zIndex>
        </connections>
        <connections>
            <id>cd409f66-de25-3447-0000-000000000000</id>
            <parentGroupId>a5859f51-9398-3359-0000-000000000000</parentGroupId>
            <backPressureDataSizeThreshold>1 GB</backPressureDataSizeThreshold>
            <backPressureObjectThreshold>10000</backPressureObjectThreshold>
            <destination>
                <groupId>7a005208-7f60-361c-0000-000000000000</groupId>
                <id>7bab12e2-3951-3846-0000-000000000000</id>
                <type>INPUT_PORT</type>
            </destination>
            <flowFileExpiration>0 sec</flowFileExpiration>
            <labelIndex>1</labelIndex>
            <loadBalanceCompression>DO_NOT_COMPRESS</loadBalanceCompression>
            <loadBalancePartitionAttribute></loadBalancePartitionAttribute>
            <loadBalanceStatus>LOAD_BALANCE_NOT_CONFIGURED</loadBalanceStatus>
            <loadBalanceStrategy>DO_NOT_LOAD_BALANCE</loadBalanceStrategy>
            <name></name>
            <source>
                <groupId>a5859f51-9398-3359-0000-000000000000</groupId>
                <id>961fb62b-b63e-3459-0000-000000000000</id>
                <type>FUNNEL</type>
            </source>
            <zIndex>0</zIndex>
        </connections>
        <funnels>
            <id>961fb62b-b63e-3459-0000-000000000000</id>
            <parentGroupId>a5859f51-9398-3359-0000-000000000000</parentGroupId>
            <position>
                <x>592.0</x>
                <y>128.0</y>
            </position>
        </funnels>
        <processGroups>
            <id>7a005208-7f60-361c-0000-000000000000</id>
            <parentGroupId>a5859f51-9398-3359-0000-000000000000</parentGroupId>
            <position>
                <x>1032.0</x>
                <y>16.0</y>
            </position>
            <comments></comments>
            <contents>
                <connections>
                    <id>88a095b8-14d8-34af-0000-000000000000</id>
                    <parentGroupId>7a005208-7f60-361c-0000-000000000000</parentGroupId>
                    <backPressureDataSizeThreshold>1 GB</backPressureDataSizeThreshold>
                    <backPressureObjectThreshold>10000</backPressureObjectThreshold>
                    <destination>
                        <groupId>7a005208-7f60-361c-0000-000000000000</groupId>
                        <id>f822c62a-8b43-3672-0000-000000000000</id>
                        <type>PROCESSOR</type>
                    </destination>
                    <flowFileExpiration>0 sec</flowFileExpiration>
                    <labelIndex>1</labelIndex>
                    <loadBalanceCompression>DO_NOT_COMPRESS</loadBalanceCompression>
                    <loadBalancePartitionAttribute></loadBalancePartitionAttribute>
                    <loadBalanceStatus>LOAD_BALANCE_NOT_CONFIGURED</loadBalanceStatus>
                    <loadBalanceStrategy>DO_NOT_LOAD_BALANCE</loadBalanceStrategy>
                    <name></name>
                    <source>
                        <groupId>7a005208-7f60-361c-0000-000000000000</groupId>
                        <id>7bab12e2-3951-3846-0000-000000000000</id>
                        <type>INPUT_PORT</type>
                    </source>
                    <zIndex>0</zIndex>
                </connections>
                <inputPorts>
                    <id>7bab12e2-3951-3846-0000-000000000000</id>
                    <parentGroupId>7a005208-7f60-361c-0000-000000000000</parentGroupId>
                    <position>
                        <x>280.0</x>
                        <y>88.0</y>
                    </position>
                    <concurrentlySchedulableTaskCount>1</concurrentlySchedulableTaskCount>
                    <name>envio de dados log</name>
                    <state>STOPPED</state>
                    <type>INPUT_PORT</type>
                </inputPorts>
                <processors>
                    <id>f822c62a-8b43-3672-0000-000000000000</id>
                    <parentGroupId>7a005208-7f60-361c-0000-000000000000</parentGroupId>
                    <position>
                        <x>664.0</x>
                        <y>40.0</y>
                    </position>
                    <bundle>
                        <artifact>nifi-standard-nar</artifact>
                        <group>org.apache.nifi</group>
                        <version>1.13.2</version>
                    </bundle>
                    <config>
                        <bulletinLevel>WARN</bulletinLevel>
                        <comments></comments>
                        <concurrentlySchedulableTaskCount>1</concurrentlySchedulableTaskCount>
                        <descriptors>
                            <entry>
<key>Directory</key>
<value>
    <name>Directory</name>
</value>
                            </entry>
                            <entry>
<key>Conflict Resolution Strategy</key>
<value>
    <name>Conflict Resolution Strategy</name>
</value>
                            </entry>
                            <entry>
<key>Create Missing Directories</key>
<value>
    <name>Create Missing Directories</name>
</value>
                            </entry>
                            <entry>
<key>Maximum File Count</key>
<value>
    <name>Maximum File Count</name>
</value>
                            </entry>
                            <entry>
<key>Last Modified Time</key>
<value>
    <name>Last Modified Time</name>
</value>
                            </entry>
                            <entry>
<key>Permissions</key>
<value>
    <name>Permissions</name>
</value>
                            </entry>
                            <entry>
<key>Owner</key>
<value>
    <name>Owner</name>
</value>
                            </entry>
                            <entry>
<key>Group</key>
<value>
    <name>Group</name>
</value>
                            </entry>
                        </descriptors>
                        <executionNode>ALL</executionNode>
                        <lossTolerant>false</lossTolerant>
                        <penaltyDuration>30 sec</penaltyDuration>
                        <properties>
                            <entry>
<key>Directory</key>
<value>C:\NiFi\Logs</value>
                            </entry>
                            <entry>
<key>Conflict Resolution Strategy</key>
<value>fail</value>
                            </entry>
                            <entry>
<key>Create Missing Directories</key>
<value>true</value>
                            </entry>
                            <entry>
<key>Maximum File Count</key>
                            </entry>
                            <entry>
<key>Last Modified Time</key>
                            </entry>
                            <entry>
<key>Permissions</key>
                            </entry>
                            <entry>
<key>Owner</key>
                            </entry>
                            <entry>
<key>Group</key>
                            </entry>
                        </properties>
                        <runDurationMillis>0</runDurationMillis>
                        <schedulingPeriod>0 sec</schedulingPeriod>
                        <schedulingStrategy>TIMER_DRIVEN</schedulingStrategy>
                        <yieldDuration>1 sec</yieldDuration>
                    </config>
                    <executionNodeRestricted>false</executionNodeRestricted>
                    <name>PutFile</name>
                    <relationships>
                        <autoTerminate>true</autoTerminate>
                        <name>failure</name>
                    </relationships>
                    <relationships>
                        <autoTerminate>true</autoTerminate>
                        <name>success</name>
                    </relationships>
                    <state>STOPPED</state>
                    <style/>
                    <type>org.apache.nifi.processors.standard.PutFile</type>
                </processors>
            </contents>
            <flowfileConcurrency>UNBOUNDED</flowfileConcurrency>
            <flowfileOutboundPolicy>STREAM_WHEN_AVAILABLE</flowfileOutboundPolicy>
            <name>Gravacao de log</name>
            <variables/>
        </processGroups>
        <processors>
            <id>0005d96d-666b-3e70-0000-000000000000</id>
            <parentGroupId>a5859f51-9398-3359-0000-000000000000</parentGroupId>
            <position>
                <x>0.0</x>
                <y>0.0</y>
            </position>
            <bundle>
                <artifact>nifi-standard-nar</artifact>
                <group>org.apache.nifi</group>
                <version>1.13.2</version>
            </bundle>
            <config>
                <bulletinLevel>WARN</bulletinLevel>
                <comments></comments>
                <concurrentlySchedulableTaskCount>1</concurrentlySchedulableTaskCount>
                <descriptors>
                    <entry>
                        <key>File Size</key>
                        <value>
                            <name>File Size</name>
                        </value>
                    </entry>
                    <entry>
                        <key>Batch Size</key>
                        <value>
                            <name>Batch Size</name>
                        </value>
                    </entry>
                    <entry>
                        <key>Data Format</key>
                        <value>
                            <name>Data Format</name>
                        </value>
                    </entry>
                    <entry>
                        <key>Unique FlowFiles</key>
                        <value>
                            <name>Unique FlowFiles</name>
                        </value>
                    </entry>
                    <entry>
                        <key>generate-ff-custom-text</key>
                        <value>
                            <name>generate-ff-custom-text</name>
                        </value>
                    </entry>
                    <entry>
                        <key>character-set</key>
                        <value>
                            <name>character-set</name>
                        </value>
                    </entry>
                    <entry>
                        <key>mime-type</key>
                        <value>
                            <name>mime-type</name>
                        </value>
                    </entry>
                </descriptors>
                <executionNode>ALL</executionNode>
                <lossTolerant>false</lossTolerant>
                <penaltyDuration>30 sec</penaltyDuration>
                <properties>
                    <entry>
                        <key>File Size</key>
                        <value>10kb</value>
                    </entry>
                    <entry>
                        <key>Batch Size</key>
                        <value>1</value>
                    </entry>
                    <entry>
                        <key>Data Format</key>
                        <value>Text</value>
                    </entry>
                    <entry>
                        <key>Unique FlowFiles</key>
                        <value>false</value>
                    </entry>
                    <entry>
                        <key>generate-ff-custom-text</key>
                    </entry>
                    <entry>
                        <key>character-set</key>
                        <value>UTF-8</value>
                    </entry>
                    <entry>
                        <key>mime-type</key>
                    </entry>
                </properties>
                <runDurationMillis>0</runDurationMillis>
                <schedulingPeriod>10 sec</schedulingPeriod>
                <schedulingStrategy>TIMER_DRIVEN</schedulingStrategy>
                <yieldDuration>1 sec</yieldDuration>
            </config>
            <executionNodeRestricted>false</executionNodeRestricted>
            <name>GenerateFlowFile</name>
            <relationships>
                <autoTerminate>false</autoTerminate>
                <name>success</name>
            </relationships>
            <state>STOPPED</state>
            <style/>
            <type>org.apache.nifi.processors.standard.GenerateFlowFile</type>
        </processors>
        <processors>
            <id>29346e1e-0c1d-31d8-0000-000000000000</id>
            <parentGroupId>a5859f51-9398-3359-0000-000000000000</parentGroupId>
            <position>
                <x>40.0</x>
                <y>264.0</y>
            </position>
            <bundle>
                <artifact>nifi-standard-nar</artifact>
                <group>org.apache.nifi</group>
                <version>1.13.2</version>
            </bundle>
            <config>
                <bulletinLevel>WARN</bulletinLevel>
                <comments></comments>
                <concurrentlySchedulableTaskCount>1</concurrentlySchedulableTaskCount>
                <descriptors>
                    <entry>
                        <key>tail-mode</key>
                        <value>
                            <name>tail-mode</name>
                        </value>
                    </entry>
                    <entry>
                        <key>File to Tail</key>
                        <value>
                            <name>File to Tail</name>
                        </value>
                    </entry>
                    <entry>
                        <key>Rolling Filename Pattern</key>
                        <value>
                            <name>Rolling Filename Pattern</name>
                        </value>
                    </entry>
                    <entry>
                        <key>tail-base-directory</key>
                        <value>
                            <name>tail-base-directory</name>
                        </value>
                    </entry>
                    <entry>
                        <key>Initial Start Position</key>
                        <value>
                            <name>Initial Start Position</name>
                        </value>
                    </entry>
                    <entry>
                        <key>File Location</key>
                        <value>
                            <name>File Location</name>
                        </value>
                    </entry>
                    <entry>
                        <key>tailfile-recursive-lookup</key>
                        <value>
                            <name>tailfile-recursive-lookup</name>
                        </value>
                    </entry>
                    <entry>
                        <key>tailfile-lookup-frequency</key>
                        <value>
                            <name>tailfile-lookup-frequency</name>
                        </value>
                    </entry>
                    <entry>
                        <key>tailfile-maximum-age</key>
                        <value>
                            <name>tailfile-maximum-age</name>
                        </value>
                    </entry>
                    <entry>
                        <key>reread-on-nul</key>
                        <value>
                            <name>reread-on-nul</name>
                        </value>
                    </entry>
                </descriptors>
                <executionNode>ALL</executionNode>
                <lossTolerant>false</lossTolerant>
                <penaltyDuration>30 sec</penaltyDuration>
                <properties>
                    <entry>
                        <key>tail-mode</key>
                        <value>Single file</value>
                    </entry>
                    <entry>
                        <key>File to Tail</key>
                        <value>C:/NiFi/Streaming/dados_streaming.txt</value>
                    </entry>
                    <entry>
                        <key>Rolling Filename Pattern</key>
                    </entry>
                    <entry>
                        <key>tail-base-directory</key>
                    </entry>
                    <entry>
                        <key>Initial Start Position</key>
                        <value>Beginning of File</value>
                    </entry>
                    <entry>
                        <key>File Location</key>
                        <value>Local</value>
                    </entry>
                    <entry>
                        <key>tailfile-recursive-lookup</key>
                        <value>false</value>
                    </entry>
                    <entry>
                        <key>tailfile-lookup-frequency</key>
                        <value>1 minutes</value>
                    </entry>
                    <entry>
                        <key>tailfile-maximum-age</key>
                        <value>24 hours</value>
                    </entry>
                    <entry>
                        <key>reread-on-nul</key>
                        <value>false</value>
                    </entry>
                </properties>
                <runDurationMillis>0</runDurationMillis>
                <schedulingPeriod>1 sec</schedulingPeriod>
                <schedulingStrategy>TIMER_DRIVEN</schedulingStrategy>
                <yieldDuration>1 sec</yieldDuration>
            </config>
            <executionNodeRestricted>false</executionNodeRestricted>
            <name>TailFile</name>
            <relationships>
                <autoTerminate>false</autoTerminate>
                <name>success</name>
            </relationships>
            <state>STOPPED</state>
            <style/>
            <type>org.apache.nifi.processors.standard.TailFile</type>
        </processors>
        <processors>
            <id>d59b3d36-acde-3f64-0000-000000000000</id>
            <parentGroupId>a5859f51-9398-3359-0000-000000000000</parentGroupId>
            <position>
                <x>504.0</x>
                <y>312.0</y>
            </position>
            <bundle>
                <artifact>nifi-standard-nar</artifact>
                <group>org.apache.nifi</group>
                <version>1.13.2</version>
            </bundle>
            <config>
                <bulletinLevel>WARN</bulletinLevel>
                <comments></comments>
                <concurrentlySchedulableTaskCount>1</concurrentlySchedulableTaskCount>
                <descriptors>
                    <entry>
                        <key>File Size</key>
                        <value>
                            <name>File Size</name>
                        </value>
                    </entry>
                    <entry>
                        <key>Batch Size</key>
                        <value>
                            <name>Batch Size</name>
                        </value>
                    </entry>
                    <entry>
                        <key>Data Format</key>
                        <value>
                            <name>Data Format</name>
                        </value>
                    </entry>
                    <entry>
                        <key>Unique FlowFiles</key>
                        <value>
                            <name>Unique FlowFiles</name>
                        </value>
                    </entry>
                    <entry>
                        <key>generate-ff-custom-text</key>
                        <value>
                            <name>generate-ff-custom-text</name>
                        </value>
                    </entry>
                    <entry>
                        <key>character-set</key>
                        <value>
                            <name>character-set</name>
                        </value>
                    </entry>
                    <entry>
                        <key>mime-type</key>
                        <value>
                            <name>mime-type</name>
                        </value>
                    </entry>
                </descriptors>
                <executionNode>ALL</executionNode>
                <lossTolerant>false</lossTolerant>
                <penaltyDuration>30 sec</penaltyDuration>
                <properties>
                    <entry>
                        <key>File Size</key>
                        <value>30kb</value>
                    </entry>
                    <entry>
                        <key>Batch Size</key>
                        <value>1</value>
                    </entry>
                    <entry>
                        <key>Data Format</key>
                        <value>Text</value>
                    </entry>
                    <entry>
                        <key>Unique FlowFiles</key>
                        <value>false</value>
                    </entry>
                    <entry>
                        <key>generate-ff-custom-text</key>
                    </entry>
                    <entry>
                        <key>character-set</key>
                        <value>UTF-8</value>
                    </entry>
                    <entry>
                        <key>mime-type</key>
                    </entry>
                </properties>
                <runDurationMillis>0</runDurationMillis>
                <schedulingPeriod>20 sec</schedulingPeriod>
                <schedulingStrategy>TIMER_DRIVEN</schedulingStrategy>
                <yieldDuration>1 sec</yieldDuration>
            </config>
            <executionNodeRestricted>false</executionNodeRestricted>
            <name>GenerateFlowFile</name>
            <relationships>
                <autoTerminate>false</autoTerminate>
                <name>success</name>
            </relationships>
            <state>STOPPED</state>
            <style/>
            <type>org.apache.nifi.processors.standard.GenerateFlowFile</type>
        </processors>
    </snippet>
    <timestamp>09/23/2021 12:36:10 PDT</timestamp>
</template>
