<?xml version="1.0" encoding="UTF-8" standalone="yes"?>
<template encoding-version="1.3">
    <description>movendo arquivos</description>
    <groupId>55a2d962-017b-1000-4f70-141c3a7dff76</groupId>
    <name>Carga - Treina03</name>
    <snippet>
        <connections>
            <id>278438f0-da33-371b-0000-000000000000</id>
            <parentGroupId>50438849-cc79-3253-0000-000000000000</parentGroupId>
            <backPressureDataSizeThreshold>1 GB</backPressureDataSizeThreshold>
            <backPressureObjectThreshold>10000</backPressureObjectThreshold>
            <destination>
                <groupId>50438849-cc79-3253-0000-000000000000</groupId>
                <id>4dd2eb2b-6766-3d98-0000-000000000000</id>
                <type>PROCESSOR</type>
            </destination>
            <flowFileExpiration>0 sec</flowFileExpiration>
            <labelIndex>1</labelIndex>
            <loadBalanceCompression>DO_NOT_COMPRESS</loadBalanceCompression>
            <loadBalancePartitionAttribute></loadBalancePartitionAttribute>
            <loadBalanceStatus>LOAD_BALANCE_NOT_CONFIGURED</loadBalanceStatus>
            <loadBalanceStrategy>DO_NOT_LOAD_BALANCE</loadBalanceStrategy>
            <name></name>
            <selectedRelationships>success</selectedRelationships>
            <source>
                <groupId>50438849-cc79-3253-0000-000000000000</groupId>
                <id>cfc16b47-72f0-327c-0000-000000000000</id>
                <type>PROCESSOR</type>
            </source>
            <zIndex>0</zIndex>
        </connections>
        <processors>
            <id>4dd2eb2b-6766-3d98-0000-000000000000</id>
            <parentGroupId>50438849-cc79-3253-0000-000000000000</parentGroupId>
            <position>
                <x>496.0</x>
                <y>224.0</y>
            </position>
            <bundle>
                <artifact>nifi-standard-nar</artifact>
                <group>org.apache.nifi</group>
                <version>1.13.2</version>
            </bundle>
            <config>
                <bulletinLevel>WARN</bulletinLevel>
                <comments></comments>
                <concurrentlySchedulableTaskCount>1</concurrentlySchedulableTaskCount>
                <descriptors>
                    <entry>
                        <key>Directory</key>
                        <value>
                            <name>Directory</name>
                        </value>
                    </entry>
                    <entry>
                        <key>Conflict Resolution Strategy</key>
                        <value>
                            <name>Conflict Resolution Strategy</name>
                        </value>
                    </entry>
                    <entry>
                        <key>Create Missing Directories</key>
                        <value>
                            <name>Create Missing Directories</name>
                        </value>
                    </entry>
                    <entry>
                        <key>Maximum File Count</key>
                        <value>
                            <name>Maximum File Count</name>
                        </value>
                    </entry>
                    <entry>
                        <key>Last Modified Time</key>
                        <value>
                            <name>Last Modified Time</name>
                        </value>
                    </entry>
                    <entry>
                        <key>Permissions</key>
                        <value>
                            <name>Permissions</name>
                        </value>
                    </entry>
                    <entry>
                        <key>Owner</key>
                        <value>
                            <name>Owner</name>
                        </value>
                    </entry>
                    <entry>
                        <key>Group</key>
                        <value>
                            <name>Group</name>
                        </value>
                    </entry>
                </descriptors>
                <executionNode>ALL</executionNode>
                <lossTolerant>false</lossTolerant>
                <penaltyDuration>30 sec</penaltyDuration>
                <properties>
                    <entry>
                        <key>Directory</key>
                        <value>C:\NiFi\Saida</value>
                    </entry>
                    <entry>
                        <key>Conflict Resolution Strategy</key>
                        <value>fail</value>
                    </entry>
                    <entry>
                        <key>Create Missing Directories</key>
                        <value>true</value>
                    </entry>
                    <entry>
                        <key>Maximum File Count</key>
                    </entry>
                    <entry>
                        <key>Last Modified Time</key>
                    </entry>
                    <entry>
                        <key>Permissions</key>
                    </entry>
                    <entry>
                        <key>Owner</key>
                    </entry>
                    <entry>
                        <key>Group</key>
                    </entry>
                </properties>
                <runDurationMillis>0</runDurationMillis>
                <schedulingPeriod>0 sec</schedulingPeriod>
                <schedulingStrategy>TIMER_DRIVEN</schedulingStrategy>
                <yieldDuration>1 sec</yieldDuration>
            </config>
            <executionNodeRestricted>false</executionNodeRestricted>
            <name>PutFile</name>
            <relationships>
                <autoTerminate>true</autoTerminate>
                <name>failure</name>
            </relationships>
            <relationships>
                <autoTerminate>true</autoTerminate>
                <name>success</name>
            </relationships>
            <state>RUNNING</state>
            <style/>
            <type>org.apache.nifi.processors.standard.PutFile</type>
        </processors>
        <processors>
            <id>cfc16b47-72f0-327c-0000-000000000000</id>
            <parentGroupId>50438849-cc79-3253-0000-000000000000</parentGroupId>
            <position>
                <x>0.0</x>
                <y>0.0</y>
            </position>
            <bundle>
                <artifact>nifi-standard-nar</artifact>
                <group>org.apache.nifi</group>
                <version>1.13.2</version>
            </bundle>
            <config>
                <bulletinLevel>WARN</bulletinLevel>
                <comments></comments>
                <concurrentlySchedulableTaskCount>1</concurrentlySchedulableTaskCount>
                <descriptors>
                    <entry>
                        <key>Input Directory</key>
                        <value>
                            <name>Input Directory</name>
                        </value>
                    </entry>
                    <entry>
                        <key>File Filter</key>
                        <value>
                            <name>File Filter</name>
                        </value>
                    </entry>
                    <entry>
                        <key>Path Filter</key>
                        <value>
                            <name>Path Filter</name>
                        </value>
                    </entry>
                    <entry>
                        <key>Batch Size</key>
                        <value>
                            <name>Batch Size</name>
                        </value>
                    </entry>
                    <entry>
                        <key>Keep Source File</key>
                        <value>
                            <name>Keep Source File</name>
                        </value>
                    </entry>
                    <entry>
                        <key>Recurse Subdirectories</key>
                        <value>
                            <name>Recurse Subdirectories</name>
                        </value>
                    </entry>
                    <entry>
                        <key>Polling Interval</key>
                        <value>
                            <name>Polling Interval</name>
                        </value>
                    </entry>
                    <entry>
                        <key>Ignore Hidden Files</key>
                        <value>
                            <name>Ignore Hidden Files</name>
                        </value>
                    </entry>
                    <entry>
                        <key>Minimum File Age</key>
                        <value>
                            <name>Minimum File Age</name>
                        </value>
                    </entry>
                    <entry>
                        <key>Maximum File Age</key>
                        <value>
                            <name>Maximum File Age</name>
                        </value>
                    </entry>
                    <entry>
                        <key>Minimum File Size</key>
                        <value>
                            <name>Minimum File Size</name>
                        </value>
                    </entry>
                    <entry>
                        <key>Maximum File Size</key>
                        <value>
                            <name>Maximum File Size</name>
                        </value>
                    </entry>
                </descriptors>
                <executionNode>ALL</executionNode>
                <lossTolerant>false</lossTolerant>
                <penaltyDuration>30 sec</penaltyDuration>
                <properties>
                    <entry>
                        <key>Input Directory</key>
                        <value>C:\NiFi\Arquivo</value>
                    </entry>
                    <entry>
                        <key>File Filter</key>
                        <value>[^\.].*</value>
                    </entry>
                    <entry>
                        <key>Path Filter</key>
                    </entry>
                    <entry>
                        <key>Batch Size</key>
                        <value>10</value>
                    </entry>
                    <entry>
                        <key>Keep Source File</key>
                        <value>false</value>
                    </entry>
                    <entry>
                        <key>Recurse Subdirectories</key>
                        <value>true</value>
                    </entry>
                    <entry>
                        <key>Polling Interval</key>
                        <value>0 sec</value>
                    </entry>
                    <entry>
                        <key>Ignore Hidden Files</key>
                        <value>true</value>
                    </entry>
                    <entry>
                        <key>Minimum File Age</key>
                        <value>0 sec</value>
                    </entry>
                    <entry>
                        <key>Maximum File Age</key>
                    </entry>
                    <entry>
                        <key>Minimum File Size</key>
                        <value>0 B</value>
                    </entry>
                    <entry>
                        <key>Maximum File Size</key>
                    </entry>
                </properties>
                <runDurationMillis>0</runDurationMillis>
                <schedulingPeriod>30 sec</schedulingPeriod>
                <schedulingStrategy>TIMER_DRIVEN</schedulingStrategy>
                <yieldDuration>1 sec</yieldDuration>
            </config>
            <executionNodeRestricted>false</executionNodeRestricted>
            <name>GetFile</name>
            <relationships>
                <autoTerminate>false</autoTerminate>
                <name>success</name>
            </relationships>
            <state>RUNNING</state>
            <style/>
            <type>org.apache.nifi.processors.standard.GetFile</type>
        </processors>
    </snippet>
    <timestamp>09/06/2021 11:34:32 PDT</timestamp>
</template>
